search_term,campaign,ad_group,impressions,clicks,cost,conversions,conversions_value
laser hair removal edmonton,"May 5, Leads-Search-2",Ad group 1,363,22,27.043061,0.0,0.0
laser hair removal,"May 5, Leads-Search-2",Ad group 1,112,6,5.048189,0.0,0.0
full service salon spa,"May 5, Leads-Search-2",Ad group 1,6,5,2.427859,0.0,0.0
brazilian laser hair removal,"May 5, Leads-Search-2",Ad group 1,19,3,1.914478,0.0,0.0
laser sheer wem,"May 5, Leads-Search-2",Ad group 1,26,3,6.24,0.0,0.0
underarm whitening edmonton,"May 5, Leads-Search-2",Ad group 1,19,3,3.914506,0.0,0.0
waxing near me,"May 5, Leads-Search-2",Ad group 1,57,3,1.996892,0.0,0.0
bare edmonton,"May 5, Leads-Search-2",Ad group 1,20,2,2.25,0.0,0.0
brazilian wax near me,"May 5, Leads-Search-2",Ad group 1,39,2,5.228124,0.0,0.0
full service salon and spa near me,"May 5, Leads-Search-2",Ad group 1,3,2,0.779072,0.0,0.0
hair laser removal edmonton,"May 5, Leads-Search-2",Ad group 1,11,2,1.044121,0.0,0.0
laser facial near me,"May 5, Leads-Search-2",Ad group 1,6,2,2.205509,0.0,0.0
laser hair removal near me,"May 5, Leads-Search-2",Ad group 1,13,2,0.179312,0.0,0.0
laser hair removal service near me,"May 5, Leads-Search-2",Ad group 1,29,2,2.36,0.0,0.0
laser hair removal west edmonton,"May 5, Leads-Search-2",Ad group 1,18,2,2.09,0.0,0.0
laser pigmentation removal near me,"May 5, Leads-Search-2",Ad group 1,2,2,1.09,0.0,0.0
leg laser hair removal,"May 5, Leads-Search-2",Ad group 1,3,2,2.04,0.0,0.0
lip wrinkles removal,"May 5, Leads-Search-2",Ad group 1,1,2,7.74,0.0,0.0
sugaring edmonton,"May 5, Leads-Search-2",Ad group 1,26,2,1.107164,0.0,0.0
tattoo removal near me,"May 5, Leads-Search-2",Ad group 1,4,2,0.62,0.0,0.0
threading near me,"May 5, Leads-Search-2",Ad group 1,10,2,0.809007,0.0,0.0
acne scar treatment near me,"May 5, Leads-Search-2",Ad group 1,1,1,0.41,0.0,0.0
armpit hair removal near me,"May 5, Leads-Search-2",Ad group 1,3,1,1.2,0.0,0.0
average price of a brazilian wax,"May 5, Leads-Search-2",Ad group 1,1,1,1.48,0.0,0.0
back facial edmonton,"May 5, Leads-Search-2",Ad group 1,7,1,2.3,0.0,0.0
bare hair removal,"May 5, Leads-Search-2",Ad group 1,1,1,1.347951,0.0,0.0
bellavera,"May 5, Leads-Search-2",Ad group 1,2,1,1.735424,0.0,0.0
best way to remove hairs from private parts of female,"May 5, Leads-Search-2",Ad group 1,1,1,0.2,0.0,0.0
bikini area laser hair removal,"May 5, Leads-Search-2",Ad group 1,1,1,0.719581,0.0,0.0
brazilian laser hair removal near me,"May 5, Leads-Search-2",Ad group 1,2,1,0.04,0.0,0.0
brazilian wax edmonton,"May 5, Leads-Search-2",Ad group 1,48,1,0.546677,0.0,0.0
buff wax spot near me,"May 5, Leads-Search-2",Ad group 1,3,1,0.01,0.0,0.0
bum wax near me,"May 5, Leads-Search-2",Ad group 1,1,1,0.24,0.0,0.0
cheap brazilian wax edmonton,"May 5, Leads-Search-2",Ad group 1,1,1,0.52,0.0,0.0
chemical peel edmonton,"May 5, Leads-Search-2",Ad group 1,4,1,1.47,0.0,0.0
chemical peel near me,"May 5, Leads-Search-2",Ad group 1,4,1,0.5,0.0,0.0
chemical peels edmonton,"May 5, Leads-Search-2",Ad group 1,2,1,1.719466,0.0,0.0
chest hair removal,"May 5, Leads-Search-2",Ad group 1,1,1,1.223391,0.0,0.0
cost of brazilian laser hair removal,"May 5, Leads-Search-2",Ad group 1,2,1,2.004523,0.0,0.0
dermaplane facial near me,"May 5, Leads-Search-2",Ad group 1,2,1,1.05,0.0,0.0
dermapure near me,"May 5, Leads-Search-2",Ad group 1,3,1,0.2,0.0,0.0
dermatology near me,"May 5, Leads-Search-2",Ad group 1,3,1,0.22,0.0,0.0
diode hair removal laser,"May 5, Leads-Search-2",Ad group 1,3,1,0.77,0.0,0.0
dmk treatment near me,"May 5, Leads-Search-2",Ad group 1,3,1,1.56,0.0,0.0
edmonton laser,"May 5, Leads-Search-2",Ad group 1,3,1,1.63,0.0,0.0
edmonton laser hair removal,"May 5, Leads-Search-2",Ad group 1,22,1,0.335025,0.0,0.0
edmonton sugaring,"May 5, Leads-Search-2",Ad group 1,4,1,0.75,0.0,0.0
edmonton waxing,"May 5, Leads-Search-2",Ad group 1,2,1,0.94,0.0,0.0
electrolysis cost,"May 5, Leads-Search-2",Ad group 1,1,1,0.303221,0.0,0.0
electrolysis edmonton,"May 5, Leads-Search-2",Ad group 1,54,1,1.68,0.0,0.0
electrolysis near me,"May 5, Leads-Search-2",Ad group 1,22,1,0.43,0.0,0.0
face lifting treatment near me,"May 5, Leads-Search-2",Ad group 1,2,1,1.06,0.0,0.0
facial aesthetics near me,"May 5, Leads-Search-2",Ad group 1,3,1,0.28,0.0,0.0
facial rejuvenation near me,"May 5, Leads-Search-2",Ad group 1,2,1,0.556763,0.0,0.0
full body laser hair removal,"May 5, Leads-Search-2",Ad group 1,1,1,1.6368,0.0,0.0
full face laser hair removal cost,"May 5, Leads-Search-2",Ad group 1,1,1,0.490348,0.0,0.0
head and facial spa near me,"May 5, Leads-Search-2",Ad group 1,1,1,0.34,0.0,0.0
how to get rid of back acne,"May 5, Leads-Search-2",Ad group 1,1,1,1.33,0.0,0.0
how to get rid of pcos facial hair,"May 5, Leads-Search-2",Ad group 1,2,1,2.74,0.0,0.0
hydrafacial near me,"May 5, Leads-Search-2",Ad group 1,3,1,0.17656,0.0,0.0
ipl for face near me,"May 5, Leads-Search-2",Ad group 1,1,1,0.42,0.0,0.0
korean facial edmonton,"May 5, Leads-Search-2",Ad group 1,2,1,0.94,0.0,0.0
korean skin clinic near me,"May 5, Leads-Search-2",Ad group 1,1,1,0.499429,0.0,0.0
laser brazilian,"May 5, Leads-Search-2",Ad group 1,3,1,0.432394,0.0,0.0
laser dark spot removal near me,"May 5, Leads-Search-2",Ad group 1,1,1,0.92,0.0,0.0
laser hair reduction cost,"May 5, Leads-Search-2",Ad group 1,2,1,0.82,0.0,0.0
laser hair removal edmonton deals,"May 5, Leads-Search-2",Ad group 1,1,1,1.772006,0.0,0.0
laser hair removal edmonton prices,"May 5, Leads-Search-2",Ad group 1,19,1,1.07,0.0,0.0
laser hair removal groupon,"May 5, Leads-Search-2",Ad group 1,1,1,1.45,0.0,0.0
laser hair removal leduc,"May 5, Leads-Search-2",Ad group 1,5,1,1.58,0.0,0.0
laser hair removal st albert,"May 5, Leads-Search-2",Ad group 1,4,1,0.879482,0.0,0.0
laser sheer west edmonton,"May 5, Leads-Search-2",Ad group 1,1,1,1.8,0.0,0.0
laser treatment edmonton,"May 5, Leads-Search-2",Ad group 1,6,1,1.29,0.0,0.0
laser vein removal near me,"May 5, Leads-Search-2",Ad group 1,1,1,0.36,0.0,0.0
leg hair laser removal cost,"May 5, Leads-Search-2",Ad group 1,1,1,0.727875,0.0,0.0
lucere south,"May 5, Leads-Search-2",Ad group 1,2,1,2.4,0.0,0.0
male brazilian wax edmonton,"May 5, Leads-Search-2",Ad group 1,3,1,1.302653,0.0,0.0
male facial hair laser removal,"May 5, Leads-Search-2",Ad group 1,1,1,0.52,0.0,0.0
male wax,"May 5, Leads-Search-2",Ad group 1,1,1,0.595546,0.0,0.0
male waxing edmonton,"May 5, Leads-Search-2",Ad group 1,2,1,2.8,0.0,0.0
men's brazilian laser hair removal,"May 5, Leads-Search-2",Ad group 1,1,1,0.58,0.0,0.0
mens brazilian wax,"May 5, Leads-Search-2",Ad group 1,1,1,0.5,0.0,0.0
microneedling near me,"May 5, Leads-Search-2",Ad group 1,7,1,0.46,0.0,0.0
neck beard laser hair removal cost,"May 5, Leads-Search-2",Ad group 1,2,1,1.3,0.0,0.0
off the hook st albert,"May 5, Leads-Search-2",Ad group 1,3,1,1.87,0.0,0.0
private part hair removal for males,"May 5, Leads-Search-2",Ad group 1,1,1,1.04,0.0,0.0
rejuvenation dermatology edmonton windermere,"May 5, Leads-Search-2",Ad group 1,3,1,1.34,0.0,0.0
rejuvenation dermatology windermere edmonton,"May 5, Leads-Search-2",Ad group 1,2,1,6.835901,2.0,2.0
serena clinic,"May 5, Leads-Search-2",Ad group 1,1,1,1.517483,0.0,0.0
shr laser,"May 5, Leads-Search-2",Ad group 1,1,1,0.80406,0.0,0.0
skin care clinic,"May 5, Leads-Search-2",Ad group 1,3,1,2.519128,0.0,0.0
skin clinics,"May 5, Leads-Search-2",Ad group 1,4,1,0.59,0.0,0.0
skin med spa,"May 5, Leads-Search-2",Ad group 1,1,1,1.917385,0.0,0.0
spasation edmonton,"May 5, Leads-Search-2",Ad group 1,3,1,3.82,0.0,0.0
strathcona laser yeg,"May 5, Leads-Search-2",Ad group 1,4,1,1.23,0.0,0.0
stretch mark removal edmonton,"May 5, Leads-Search-2",Ad group 1,3,1,0.52,0.0,0.0
sugar brazilian wax,"May 5, Leads-Search-2",Ad group 1,1,1,0.53,0.0,0.0
sugaring,"May 5, Leads-Search-2",Ad group 1,5,1,0.69,0.0,0.0
the vanity lab edmonton,"May 5, Leads-Search-2",Ad group 1,2,1,1.795011,0.0,0.0
under eye bags laser removal,"May 5, Leads-Search-2",Ad group 1,1,1,0.58,0.0,0.0
underarm laser hair removal and whitening near me,"May 5, Leads-Search-2",Ad group 1,2,1,1.490972,0.0,0.0
underarm laser hair removal near me,"May 5, Leads-Search-2",Ad group 1,1,1,0.684316,0.0,0.0
waxing,"May 5, Leads-Search-2",Ad group 1,18,1,0.629363,0.0,0.0
waxing edmonton,"May 5, Leads-Search-2",Ad group 1,35,1,0.370954,0.0,0.0
waxing services,"May 5, Leads-Search-2",Ad group 1,3,1,0.89,0.0,0.0
waxing services near me,"May 5, Leads-Search-2",Ad group 1,4,1,1.403205,0.0,0.0
waxing west edmonton,"May 5, Leads-Search-2",Ad group 1,9,1,0.254697,0.0,0.0
waxng near me,"May 5, Leads-Search-2",Ad group 1,1,1,0.548597,0.0,0.0
what age should i shave my arms,"May 5, Leads-Search-2",Ad group 1,1,1,3.82,0.0,0.0
10140 117 st,"May 5, Leads-Search-2",Ad group 1,1,0,0.0,0.0,0.0
10140 117 street,"May 5, Leads-Search-2",Ad group 1,1,0,0.0,0.0,0.0
1064 nd yag laser,"May 5, Leads-Search-2",Ad group 1,1,0,0.0,0.0,0.0
2059 98 st nw,"May 5, Leads-Search-2",Ad group 1,1,0,0.0,0.0,0.0
3490 allan drive sw,"May 5, Leads-Search-2",Ad group 1,2,0,0.0,0.0,0.0
3490 allan drive sw edmonton,"May 5, Leads-Search-2",Ad group 1,1,0,0.0,0.0,0.0
5083 windermere blvd,"May 5, Leads-Search-2",Ad group 1,2,0,0.0,0.0,0.0
5083 windermere blvd edmonton,"May 5, Leads-Search-2",Ad group 1,1,0,0.0,0.0,0.0
5083 windermere blvd unit 101,"May 5, Leads-Search-2",Ad group 1,1,0,0.0,0.0,0.0
5083 windermere blvd unit 101 edmonton ab,"May 5, Leads-Search-2",Ad group 1,1,0,0.0,0.0,0.0
5326 calgary trail nw,"May 5, Leads-Search-2",Ad group 1,1,0,0.0,0.0,0.0
6413 cartmell pl sw 202 edmonton ab t6w 4v4,"May 5, Leads-Search-2",Ad group 1,1,0,0.0,0.0,0.0
6413 cartmell place sw,"May 5, Leads-Search-2",Ad group 1,1,0,0.0,0.0,0.0
6858 178 ave nw,"May 5, Leads-Search-2",Ad group 1,1,0,0.0,0.0,0.0
6918 77 st nw,"May 5, Leads-Search-2",Ad group 1,1,0,0.0,0.0,0.0
a2 medispa,"May 5, Leads-Search-2",Ad group 1,1,0,0.0,0.0,0.0
ablative laser,"May 5, Leads-Search-2",Ad group 1,1,0,0.0,0.0,0.0
acne,"May 5, Leads-Search-2",Ad group 1,1,0,0.0,0.0,0.0
acne clinic west edmonton mall,"May 5, Leads-Search-2",Ad group 1,1,0,0.0,0.0,0.0
aerolase laser edmonton,"May 5, Leads-Search-2",Ad group 1,1,0,0.0,0.0,0.0
aerolase neo elite laser,"May 5, Leads-Search-2",Ad group 1,1,0,0.0,0.0,0.0
aerolase neo laser,"May 5, Leads-Search-2",Ad group 1,1,0,0.0,0.0,0.0
aerolase neo laser before and after,"May 5, Leads-Search-2",Ad group 1,1,0,0.0,0.0,0.0
aesthetic clinic edmonton,"May 5, Leads-Search-2",Ad group 1,1,0,0.0,0.0,0.0
aesthetic clinic near me,"May 5, Leads-Search-2",Ad group 1,1,0,0.0,0.0,0.0
aesthetic near me,"May 5, Leads-Search-2",Ad group 1,1,0,0.0,0.0,0.0
aesthetic spa near me,"May 5, Leads-Search-2",Ad group 1,1,0,0.0,0.0,0.0
aesthetician clinic,"May 5, Leads-Search-2",Ad group 1,1,0,0.0,0.0,0.0
aesthetician near me,"May 5, Leads-Search-2",Ad group 1,1,0,0.0,0.0,0.0
aesthetics near me,"May 5, Leads-Search-2",Ad group 1,1,0,0.0,0.0,0.0
aesthetics skin,"May 5, Leads-Search-2",Ad group 1,2,0,0.0,0.0,0.0
affordable brazilian wax,"May 5, Leads-Search-2",Ad group 1,2,0,0.0,0.0,0.0
affordable hair laser removal,"May 5, Leads-Search-2",Ad group 1,1,0,0.0,0.0,0.0
affordable waxing near me,"May 5, Leads-Search-2",Ad group 1,1,0,0.0,0.0,0.0
albany laser clinic edmonton,"May 5, Leads-Search-2",Ad group 1,1,0,0.0,0.0,0.0
albany laser edmonton reviews,"May 5, Leads-Search-2",Ad group 1,1,0,0.0,0.0,0.0
albany skin clinic,"May 5, Leads-Search-2",Ad group 1,1,0,0.0,0.0,0.0
alberta dermasurgery centre,"May 5, Leads-Search-2",Ad group 1,1,0,0.0,0.0,0.0
alberta laser,"May 5, Leads-Search-2",Ad group 1,1,0,0.0,0.0,0.0
alexandrite laser,"May 5, Leads-Search-2",Ad group 1,1,0,0.0,0.0,0.0
amy skincare,"May 5, Leads-Search-2",Ad group 1,1,0,0.0,0.0,0.0
anal bleaching edmonton,"May 5, Leads-Search-2",Ad group 1,1,0,0.0,0.0,0.0
anava,"May 5, Leads-Search-2",Ad group 1,1,0,0.0,0.0,0.0
angela laser,"May 5, Leads-Search-2",Ad group 1,1,0,0.0,0.0,0.0
aqua aesthetics med spa & laser,"May 5, Leads-Search-2",Ad group 1,2,0,0.0,0.0,0.0
ariana esthetic,"May 5, Leads-Search-2",Ad group 1,1,0,0.0,0.0,0.0
arm hair removal,"May 5, Leads-Search-2",Ad group 1,1,0,0.0,0.0,0.0
arm laser hair removal,"May 5, Leads-Search-2",Ad group 1,1,0,0.0,0.0,0.0
armpit laser hair removal,"May 5, Leads-Search-2",Ad group 1,3,0,0.0,0.0,0.0
armpit laser hair removal cost,"May 5, Leads-Search-2",Ad group 1,1,0,0.0,0.0,0.0
armpit whitening treatment near me,"May 5, Leads-Search-2",Ad group 1,3,0,0.0,0.0,0.0
assia beauty,"May 5, Leads-Search-2",Ad group 1,1,0,0.0,0.0,0.0
ava aesthetic studio,"May 5, Leads-Search-2",Ad group 1,1,0,0.0,0.0,0.0
avana laser hair removal,"May 5, Leads-Search-2",Ad group 1,1,0,0.0,0.0,0.0
average price for brazilian laser hair removal,"May 5, Leads-Search-2",Ad group 1,1,0,0.0,0.0,0.0
back acne laser treatment near me,"May 5, Leads-Search-2",Ad group 1,1,0,0.0,0.0,0.0
back and chest hair removal for men,"May 5, Leads-Search-2",Ad group 1,1,0,0.0,0.0,0.0
back facial,"May 5, Leads-Search-2",Ad group 1,1,0,0.0,0.0,0.0
back hair removal,"May 5, Leads-Search-2",Ad group 1,1,0,0.0,0.0,0.0
back laser hair removal,"May 5, Leads-Search-2",Ad group 1,1,0,0.0,0.0,0.0
back wax,"May 5, Leads-Search-2",Ad group 1,1,0,0.0,0.0,0.0
back wax edmonton,"May 5, Leads-Search-2",Ad group 1,1,0,0.0,0.0,0.0
back wax for men,"May 5, Leads-Search-2",Ad group 1,1,0,0.0,0.0,0.0
back wax near me,"May 5, Leads-Search-2",Ad group 1,1,0,0.0,0.0,0.0
back waxing near me,"May 5, Leads-Search-2",Ad group 1,4,0,0.0,0.0,0.0
bal hatane ka tarika,"May 5, Leads-Search-2",Ad group 1,1,0,0.0,0.0,0.0
ballroom dance hair removal,"May 5, Leads-Search-2",Ad group 1,1,0,0.0,0.0,0.0
balwin medical,"May 5, Leads-Search-2",Ad group 1,1,0,0.0,0.0,0.0
bare beauty,"May 5, Leads-Search-2",Ad group 1,4,0,0.0,0.0,0.0
bare beauty clinic,"May 5, Leads-Search-2",Ad group 1,1,0,0.0,0.0,0.0
bare body boutique,"May 5, Leads-Search-2",Ad group 1,1,0,0.0,0.0,0.0
bare envy,"May 5, Leads-Search-2",Ad group 1,1,0,0.0,0.0,0.0
bare it all sugaring edmonton,"May 5, Leads-Search-2",Ad group 1,1,0,0.0,0.0,0.0
bare salon,"May 5, Leads-Search-2",Ad group 1,3,0,0.0,0.0,0.0
bare skin and laser,"May 5, Leads-Search-2",Ad group 1,3,0,0.0,0.0,0.0
bare skin med spa,"May 5, Leads-Search-2",Ad group 1,1,0,0.0,0.0,0.0
bare spa,"May 5, Leads-Search-2",Ad group 1,1,0,0.0,0.0,0.0
bare wax,"May 5, Leads-Search-2",Ad group 1,1,0,0.0,0.0,0.0
bare wax & beauty bar 107 avenue northwest edmonton ab,"May 5, Leads-Search-2",Ad group 1,1,0,0.0,0.0,0.0
bare wax bar,"May 5, Leads-Search-2",Ad group 1,2,0,0.0,0.0,0.0
bare wax edmonton,"May 5, Leads-Search-2",Ad group 1,2,0,0.0,0.0,0.0
bare wax studio,"May 5, Leads-Search-2",Ad group 1,1,0,0.0,0.0,0.0
bare waxing,"May 5, Leads-Search-2",Ad group 1,1,0,0.0,0.0,0.0
bb glow facial,"May 5, Leads-Search-2",Ad group 1,1,0,0.0,0.0,0.0
bbl laser,"May 5, Leads-Search-2",Ad group 1,1,0,0.0,0.0,0.0
bbl laser edmonton,"May 5, Leads-Search-2",Ad group 1,3,0,0.0,0.0,0.0
beard laser hair removal,"May 5, Leads-Search-2",Ad group 1,2,0,0.0,0.0,0.0
beard line laser hair removal,"May 5, Leads-Search-2",Ad group 1,2,0,0.0,0.0,0.0
beaumont laser,"May 5, Leads-Search-2",Ad group 1,1,0,0.0,0.0,0.0
beautician,"May 5, Leads-Search-2",Ad group 1,1,0,0.0,0.0,0.0
beautiful you,"May 5, Leads-Search-2",Ad group 1,1,0,0.0,0.0,0.0
beauty,"May 5, Leads-Search-2",Ad group 1,7,0,0.0,0.0,0.0
beauty & health spas edmonton,"May 5, Leads-Search-2",Ad group 1,1,0,0.0,0.0,0.0
beauty beauty,"May 5, Leads-Search-2",Ad group 1,1,0,0.0,0.0,0.0
beauty care,"May 5, Leads-Search-2",Ad group 1,1,0,0.0,0.0,0.0
beauty clinic,"May 5, Leads-Search-2",Ad group 1,1,0,0.0,0.0,0.0
beauty clinics near me,"May 5, Leads-Search-2",Ad group 1,1,0,0.0,0.0,0.0
beauty diamond,"May 5, Leads-Search-2",Ad group 1,2,0,0.0,0.0,0.0
beauty diamond medispa and aesthetics,"May 5, Leads-Search-2",Ad group 1,1,0,0.0,0.0,0.0
beauty lab,"May 5, Leads-Search-2",Ad group 1,1,0,0.0,0.0,0.0
beauty lab edmonton,"May 5, Leads-Search-2",Ad group 1,3,0,0.0,0.0,0.0
beauty lab facial,"May 5, Leads-Search-2",Ad group 1,1,0,0.0,0.0,0.0
beauty lounge edmonton,"May 5, Leads-Search-2",Ad group 1,1,0,0.0,0.0,0.0
beauty near me,"May 5, Leads-Search-2",Ad group 1,2,0,0.0,0.0,0.0
beauty parlour near me,"May 5, Leads-Search-2",Ad group 1,2,0,0.0,0.0,0.0
beauty rewind,"May 5, Leads-Search-2",Ad group 1,1,0,0.0,0.0,0.0
beauty rewind edmonton,"May 5, Leads-Search-2",Ad group 1,1,0,0.0,0.0,0.0
beauty salon,"May 5, Leads-Search-2",Ad group 1,1,0,0.0,0.0,0.0
beauty salon near me,"May 5, Leads-Search-2",Ad group 1,1,0,0.0,0.0,0.0
beauty salons,"May 5, Leads-Search-2",Ad group 1,3,0,0.0,0.0,0.0
beauty salons & consultants edmonton,"May 5, Leads-Search-2",Ad group 1,1,0,0.0,0.0,0.0
beauty salons near me,"May 5, Leads-Search-2",Ad group 1,7,0,0.0,0.0,0.0
beauty services near me,"May 5, Leads-Search-2",Ad group 1,1,0,0.0,0.0,0.0
beauty spa edmonton,"May 5, Leads-Search-2",Ad group 1,1,0,0.0,0.0,0.0
beauty town salon spa laser photos,"May 5, Leads-Search-2",Ad group 1,1,0,0.0,0.0,0.0
beauty treatments,"May 5, Leads-Search-2",Ad group 1,1,0,0.0,0.0,0.0
bela md facial near me,"May 5, Leads-Search-2",Ad group 1,2,0,0.0,0.0,0.0
bela md facial reviews,"May 5, Leads-Search-2",Ad group 1,1,0,0.0,0.0,0.0
bella tonic edmonton,"May 5, Leads-Search-2",Ad group 1,2,0,0.0,0.0,0.0
bella tonic spa edmonton,"May 5, Leads-Search-2",Ad group 1,2,0,0.0,0.0,0.0
bella vita laser clinic reviews,"May 5, Leads-Search-2",Ad group 1,1,0,0.0,0.0,0.0
bellavera aesthetics,"May 5, Leads-Search-2",Ad group 1,1,0,0.0,0.0,0.0
bellavera skin,"May 5, Leads-Search-2",Ad group 1,1,0,0.0,0.0,0.0
belle hair removal reviews,"May 5, Leads-Search-2",Ad group 1,1,0,0.0,0.0,0.0
bespoke beauty,"May 5, Leads-Search-2",Ad group 1,2,0,0.0,0.0,0.0
best bikini wax near me,"May 5, Leads-Search-2",Ad group 1,1,0,0.0,0.0,0.0
best body treatments,"May 5, Leads-Search-2",Ad group 1,1,0,0.0,0.0,0.0
best brazilian wax edmonton,"May 5, Leads-Search-2",Ad group 1,1,0,0.0,0.0,0.0
best brazilian wax in edmonton,"May 5, Leads-Search-2",Ad group 1,1,0,0.0,0.0,0.0
best derma near me,"May 5, Leads-Search-2",Ad group 1,1,0,0.0,0.0,0.0
best facial edmonton,"May 5, Leads-Search-2",Ad group 1,4,0,0.0,0.0,0.0
best facial hair removal for women,"May 5, Leads-Search-2",Ad group 1,1,0,0.0,0.0,0.0
best hair removal products for private area,"May 5, Leads-Search-2",Ad group 1,6,0,0.0,0.0,0.0
best hair removal tool for ladies,"May 5, Leads-Search-2",Ad group 1,1,0,0.0,0.0,0.0
best hydra facial near me,"May 5, Leads-Search-2",Ad group 1,2,0,0.0,0.0,0.0
best laser clinic in edmonton,"May 5, Leads-Search-2",Ad group 1,2,0,0.0,0.0,0.0
best laser hair removal edmonton,"May 5, Leads-Search-2",Ad group 1,9,0,0.0,0.0,0.0
best laser hair removal price,"May 5, Leads-Search-2",Ad group 1,1,0,0.0,0.0,0.0
best laser technology for hair removal,"May 5, Leads-Search-2",Ad group 1,1,0,0.0,0.0,0.0
best laser treatment for hair removal,"May 5, Leads-Search-2",Ad group 1,1,0,0.0,0.0,0.0
best men's laser hair removal,"May 5, Leads-Search-2",Ad group 1,1,0,0.0,0.0,0.0
best permanent facial hair removal for women,"May 5, Leads-Search-2",Ad group 1,1,0,0.0,0.0,0.0
best place for hair removal,"May 5, Leads-Search-2",Ad group 1,1,0,0.0,0.0,0.0
best place for hair removal near me,"May 5, Leads-Search-2",Ad group 1,1,0,0.0,0.0,0.0
best place to get microneedling,"May 5, Leads-Search-2",Ad group 1,1,0,0.0,0.0,0.0
best razor for sensitive skin,"May 5, Leads-Search-2",Ad group 1,1,0,0.0,0.0,0.0
best skin care clinic near me,"May 5, Leads-Search-2",Ad group 1,1,0,0.0,0.0,0.0
best skin laser treatment near me,"May 5, Leads-Search-2",Ad group 1,1,0,0.0,0.0,0.0
best treatment for wrinkles around mouth,"May 5, Leads-Search-2",Ad group 1,1,0,0.0,0.0,0.0
best trimmer for bikini area,"May 5, Leads-Search-2",Ad group 1,1,0,0.0,0.0,0.0
best underarm laser hair removal,"May 5, Leads-Search-2",Ad group 1,1,0,0.0,0.0,0.0
best wax salon near me,"May 5, Leads-Search-2",Ad group 1,2,0,0.0,0.0,0.0
best wax services near me,"May 5, Leads-Search-2",Ad group 1,1,0,0.0,0.0,0.0
best waxing edmonton,"May 5, Leads-Search-2",Ad group 1,5,0,0.0,0.0,0.0
best way to get rid of upper lip hair,"May 5, Leads-Search-2",Ad group 1,7,0,0.0,0.0,0.0
better skin,"May 5, Leads-Search-2",Ad group 1,1,0,0.0,0.0,0.0
bikini area laser treatment,"May 5, Leads-Search-2",Ad group 1,1,0,0.0,0.0,0.0
bikini laser hair removal,"May 5, Leads-Search-2",Ad group 1,5,0,0.0,0.0,0.0
bikini laser hair removal cost,"May 5, Leads-Search-2",Ad group 1,1,0,0.0,0.0,0.0
bikini line,"May 5, Leads-Search-2",Ad group 1,2,0,0.0,0.0,0.0
bikini line laser,"May 5, Leads-Search-2",Ad group 1,1,0,0.0,0.0,0.0
bikini line laser hair removal,"May 5, Leads-Search-2",Ad group 1,2,0,0.0,0.0,0.0
bikini shave,"May 5, Leads-Search-2",Ad group 1,4,0,0.0,0.0,0.0
bikini shaving at home,"May 5, Leads-Search-2",Ad group 1,1,0,0.0,0.0,0.0
bikini shaving in shower,"May 5, Leads-Search-2",Ad group 1,1,0,0.0,0.0,0.0
bikini wax,"May 5, Leads-Search-2",Ad group 1,5,0,0.0,0.0,0.0
bikini wax brazilian,"May 5, Leads-Search-2",Ad group 1,3,0,0.0,0.0,0.0
bikini wax brazilian tutorial,"May 5, Leads-Search-2",Ad group 1,2,0,0.0,0.0,0.0
bikini wax edmonton,"May 5, Leads-Search-2",Ad group 1,2,0,0.0,0.0,0.0
bikini wax in edmonton,"May 5, Leads-Search-2",Ad group 1,1,0,0.0,0.0,0.0
bikini wax near me,"May 5, Leads-Search-2",Ad group 1,13,0,0.0,0.0,0.0
bikini wax tutorial,"May 5, Leads-Search-2",Ad group 1,5,0,0.0,0.0,0.0
bikini waxing,"May 5, Leads-Search-2",Ad group 1,1,0,0.0,0.0,0.0
bikini waxing for beginners,"May 5, Leads-Search-2",Ad group 1,1,0,0.0,0.0,0.0
bikini waxing tutorial,"May 5, Leads-Search-2",Ad group 1,1,0,0.0,0.0,0.0
bikini waxing videos,"May 5, Leads-Search-2",Ad group 1,1,0,0.0,0.0,0.0
biothera laser clinic edmonton,"May 5, Leads-Search-2",Ad group 1,2,0,0.0,0.0,0.0
black hair removal,"May 5, Leads-Search-2",Ad group 1,1,0,0.0,0.0,0.0
black spot laser treatment,"May 5, Leads-Search-2",Ad group 1,1,0,0.0,0.0,0.0
blackheads,"May 5, Leads-Search-2",Ad group 1,5,0,0.0,0.0,0.0
bliss laser hair removal,"May 5, Leads-Search-2",Ad group 1,1,0,0.0,0.0,0.0
bliss med spa,"May 5, Leads-Search-2",Ad group 1,1,0,0.0,0.0,0.0
bliss medi spa edmonton,"May 5, Leads-Search-2",Ad group 1,1,0,0.0,0.0,0.0
bliss medical spa,"May 5, Leads-Search-2",Ad group 1,1,0,0.0,0.0,0.0
bliss spa edmonton,"May 5, Leads-Search-2",Ad group 1,1,0,0.0,0.0,0.0
blossom2,"May 5, Leads-Search-2",Ad group 1,1,0,0.0,0.0,0.0
body bar laser clinic,"May 5, Leads-Search-2",Ad group 1,1,0,0.0,0.0,0.0
body contouring edmonton,"May 5, Leads-Search-2",Ad group 1,1,0,0.0,0.0,0.0
body hair removal home remedy for teenage girl,"May 5, Leads-Search-2",Ad group 1,1,0,0.0,0.0,0.0
body hair removal men,"May 5, Leads-Search-2",Ad group 1,1,0,0.0,0.0,0.0
body hair removal near me,"May 5, Leads-Search-2",Ad group 1,1,0,0.0,0.0,0.0
body microneedling,"May 5, Leads-Search-2",Ad group 1,1,0,0.0,0.0,0.0
body sculpting edmonton,"May 5, Leads-Search-2",Ad group 1,1,0,0.0,0.0,0.0
body shaving,"May 5, Leads-Search-2",Ad group 1,2,0,0.0,0.0,0.0
body sugaring,"May 5, Leads-Search-2",Ad group 1,2,0,0.0,0.0,0.0
body sugaring edmonton,"May 5, Leads-Search-2",Ad group 1,1,0,0.0,0.0,0.0
body sugaring near me,"May 5, Leads-Search-2",Ad group 1,2,0,0.0,0.0,0.0
body treatments,"May 5, Leads-Search-2",Ad group 1,1,0,0.0,0.0,0.0
body treatments near me,"May 5, Leads-Search-2",Ad group 1,1,0,0.0,0.0,0.0
body wax edmonton,"May 5, Leads-Search-2",Ad group 1,1,0,0.0,0.0,0.0
body wax near me,"May 5, Leads-Search-2",Ad group 1,1,0,0.0,0.0,0.0
body waxing near me,"May 5, Leads-Search-2",Ad group 1,1,0,0.0,0.0,0.0
body waxing near me for men,"May 5, Leads-Search-2",Ad group 1,1,0,0.0,0.0,0.0
book a brazilian wax near me,"May 5, Leads-Search-2",Ad group 1,1,0,0.0,0.0,0.0
braun silk expert pro 7,"May 5, Leads-Search-2",Ad group 1,1,0,0.0,0.0,0.0
brazil waz,"May 5, Leads-Search-2",Ad group 1,1,0,0.0,0.0,0.0
brazilan wax near me,"May 5, Leads-Search-2",Ad group 1,1,0,0.0,0.0,0.0
brazilian bikini shave,"May 5, Leads-Search-2",Ad group 1,1,0,0.0,0.0,0.0
brazilian bikini wax,"May 5, Leads-Search-2",Ad group 1,1,0,0.0,0.0,0.0
brazilian bikini waxing tutorial,"May 5, Leads-Search-2",Ad group 1,1,0,0.0,0.0,0.0
brazilian body wax,"May 5, Leads-Search-2",Ad group 1,2,0,0.0,0.0,0.0
brazilian electrolysis,"May 5, Leads-Search-2",Ad group 1,1,0,0.0,0.0,0.0
brazilian full body wax,"May 5, Leads-Search-2",Ad group 1,2,0,0.0,0.0,0.0
brazilian hair removal,"May 5, Leads-Search-2",Ad group 1,2,0,0.0,0.0,0.0
brazilian hair removal cost,"May 5, Leads-Search-2",Ad group 1,2,0,0.0,0.0,0.0
brazilian hair removal laser,"May 5, Leads-Search-2",Ad group 1,1,0,0.0,0.0,0.0
brazilian hair removal laser near me,"May 5, Leads-Search-2",Ad group 1,1,0,0.0,0.0,0.0
brazilian hot wax,"May 5, Leads-Search-2",Ad group 1,6,0,0.0,0.0,0.0
brazilian hot wax tutorial,"May 5, Leads-Search-2",Ad group 1,2,0,0.0,0.0,0.0
brazilian laser,"May 5, Leads-Search-2",Ad group 1,9,0,0.0,0.0,0.0
brazilian laser hair,"May 5, Leads-Search-2",Ad group 1,2,0,0.0,0.0,0.0
brazilian laser hair removal cost,"May 5, Leads-Search-2",Ad group 1,1,0,0.0,0.0,0.0
brazilian laser hair removal edmonton,"May 5, Leads-Search-2",Ad group 1,1,0,0.0,0.0,0.0
brazilian laser hair removal price,"May 5, Leads-Search-2",Ad group 1,1,0,0.0,0.0,0.0
brazilian laser men,"May 5, Leads-Search-2",Ad group 1,1,0,0.0,0.0,0.0
brazilian laser near me,"May 5, Leads-Search-2",Ad group 1,4,0,0.0,0.0,0.0
brazilian shave bikini tutorial,"May 5, Leads-Search-2",Ad group 1,2,0,0.0,0.0,0.0
brazilian shave for men,"May 5, Leads-Search-2",Ad group 1,1,0,0.0,0.0,0.0
brazilian shave in shower,"May 5, Leads-Search-2",Ad group 1,1,0,0.0,0.0,0.0
brazilian shave wax tutorial,"May 5, Leads-Search-2",Ad group 1,2,0,0.0,0.0,0.0
brazilian shaving,"May 5, Leads-Search-2",Ad group 1,1,0,0.0,0.0,0.0
brazilian sugar wax near me,"May 5, Leads-Search-2",Ad group 1,1,0,0.0,0.0,0.0
brazilian sugaring,"May 5, Leads-Search-2",Ad group 1,1,0,0.0,0.0,0.0
brazilian sugaring edmonton,"May 5, Leads-Search-2",Ad group 1,1,0,0.0,0.0,0.0
brazilian sugaring wax,"May 5, Leads-Search-2",Ad group 1,11,0,0.0,0.0,0.0
brazilian wax,"May 5, Leads-Search-2",Ad group 1,35,0,0.0,0.0,0.0
brazilian wax and bleaching near me,"May 5, Leads-Search-2",Ad group 1,1,0,0.0,0.0,0.0
brazilian wax appointment,"May 5, Leads-Search-2",Ad group 1,1,0,0.0,0.0,0.0
brazilian wax at home,"May 5, Leads-Search-2",Ad group 1,5,0,0.0,0.0,0.0
brazilian wax design,"May 5, Leads-Search-2",Ad group 1,1,0,0.0,0.0,0.0
brazilian wax edmonton south,"May 5, Leads-Search-2",Ad group 1,2,0,0.0,0.0,0.0
brazilian wax for men,"May 5, Leads-Search-2",Ad group 1,1,0,0.0,0.0,0.0
brazilian wax for men edmonton,"May 5, Leads-Search-2",Ad group 1,2,0,0.0,0.0,0.0
brazilian wax full,"May 5, Leads-Search-2",Ad group 1,1,0,0.0,0.0,0.0
brazilian wax men,"May 5, Leads-Search-2",Ad group 1,2,0,0.0,0.0,0.0
brazilian wax price,"May 5, Leads-Search-2",Ad group 1,1,0,0.0,0.0,0.0
brazilian wax salon near me,"May 5, Leads-Search-2",Ad group 1,3,0,0.0,0.0,0.0
brazilian wax sherwood park,"May 5, Leads-Search-2",Ad group 1,1,0,0.0,0.0,0.0
brazilian wax spruce grove,"May 5, Leads-Search-2",Ad group 1,2,0,0.0,0.0,0.0
brazilian wax st albert,"May 5, Leads-Search-2",Ad group 1,4,0,0.0,0.0,0.0
brazilian wax subscription,"May 5, Leads-Search-2",Ad group 1,1,0,0.0,0.0,0.0
brazilian wax tutorial,"May 5, Leads-Search-2",Ad group 1,1,0,0.0,0.0,0.0
brazilian wax tutorial videos,"May 5, Leads-Search-2",Ad group 1,2,0,0.0,0.0,0.0
brazilian wax west edmonton,"May 5, Leads-Search-2",Ad group 1,9,0,0.0,0.0,0.0
brazilian wax within 8.1 km,"May 5, Leads-Search-2",Ad group 1,1,0,0.0,0.0,0.0
brazilian waxes,"May 5, Leads-Search-2",Ad group 1,1,0,0.0,0.0,0.0
brazilian waxes near me,"May 5, Leads-Search-2",Ad group 1,2,0,0.0,0.0,0.0
brazilian waxing,"May 5, Leads-Search-2",Ad group 1,22,0,0.0,0.0,0.0
brazilian waxing bikini wax,"May 5, Leads-Search-2",Ad group 1,4,0,0.0,0.0,0.0
brazilian waxing demo,"May 5, Leads-Search-2",Ad group 1,1,0,0.0,0.0,0.0
brazilian waxing demonstration,"May 5, Leads-Search-2",Ad group 1,1,0,0.0,0.0,0.0
brazilian waxing edmonton,"May 5, Leads-Search-2",Ad group 1,4,0,0.0,0.0,0.0
brazilian waxing men,"May 5, Leads-Search-2",Ad group 1,1,0,0.0,0.0,0.0
brazilian waxing near me,"May 5, Leads-Search-2",Ad group 1,1,0,0.0,0.0,0.0
brazilian waxing tutorial,"May 5, Leads-Search-2",Ad group 1,2,0,0.0,0.0,0.0
brazilian waxing unfiltered,"May 5, Leads-Search-2",Ad group 1,2,0,0.0,0.0,0.0
brazilian waxing women,"May 5, Leads-Search-2",Ad group 1,1,0,0.0,0.0,0.0
brazilian waz near me,"May 5, Leads-Search-2",Ad group 1,1,0,0.0,0.0,0.0
brazillian wax near me,"May 5, Leads-Search-2",Ad group 1,4,0,0.0,0.0,0.0
brow bar near me,"May 5, Leads-Search-2",Ad group 1,1,0,0.0,0.0,0.0
brow wax near me,"May 5, Leads-Search-2",Ad group 1,1,0,0.0,0.0,0.0
brow waxing edmonton,"May 5, Leads-Search-2",Ad group 1,1,0,0.0,0.0,0.0
brows laser removal,"May 5, Leads-Search-2",Ad group 1,1,0,0.0,0.0,0.0
brows waxing,"May 5, Leads-Search-2",Ad group 1,1,0,0.0,0.0,0.0
buff wax,"May 5, Leads-Search-2",Ad group 1,3,0,0.0,0.0,0.0
buff wax bar,"May 5, Leads-Search-2",Ad group 1,1,0,0.0,0.0,0.0
buff wax edmonton,"May 5, Leads-Search-2",Ad group 1,2,0,0.0,0.0,0.0
buff wax spot edmonton,"May 5, Leads-Search-2",Ad group 1,1,0,0.0,0.0,0.0
buffwaxspot,"May 5, Leads-Search-2",Ad group 1,1,0,0.0,0.0,0.0
bushwhacked laser,"May 5, Leads-Search-2",Ad group 1,2,0,0.0,0.0,0.0
ca beauty salons,"May 5, Leads-Search-2",Ad group 1,1,0,0.0,0.0,0.0
can you get a brazilian laser hair removal,"May 5, Leads-Search-2",Ad group 1,1,0,0.0,0.0,0.0
can you get dark spots lasered off,"May 5, Leads-Search-2",Ad group 1,1,0,0.0,0.0,0.0
can you laser pubic hair,"May 5, Leads-Search-2",Ad group 1,1,0,0.0,0.0,0.0
can you laser your pubic hair,"May 5, Leads-Search-2",Ad group 1,1,0,0.0,0.0,0.0
candela gentlemax pro laser hair removal,"May 5, Leads-Search-2",Ad group 1,1,0,0.0,0.0,0.0
candela laser,"May 5, Leads-Search-2",Ad group 1,2,0,0.0,0.0,0.0
candela laser canada,"May 5, Leads-Search-2",Ad group 1,2,0,0.0,0.0,0.0
candela laser hair removal,"May 5, Leads-Search-2",Ad group 1,1,0,0.0,0.0,0.0
candela laser hair removal near me,"May 5, Leads-Search-2",Ad group 1,1,0,0.0,0.0,0.0
carbon laser treatment,"May 5, Leads-Search-2",Ad group 1,1,0,0.0,0.0,0.0
carbon peel laser,"May 5, Leads-Search-2",Ad group 1,1,0,0.0,0.0,0.0
celin laser hair removal,"May 5, Leads-Search-2",Ad group 1,3,0,0.0,0.0,0.0
cell fx treatment,"May 5, Leads-Search-2",Ad group 1,1,0,0.0,0.0,0.0
cheap brazilian wax,"May 5, Leads-Search-2",Ad group 1,1,0,0.0,0.0,0.0
cheap facial,"May 5, Leads-Search-2",Ad group 1,1,0,0.0,0.0,0.0
cheap hydrafacial,"May 5, Leads-Search-2",Ad group 1,1,0,0.0,0.0,0.0
cheap laser hair removal edmonton,"May 5, Leads-Search-2",Ad group 1,2,0,0.0,0.0,0.0
cheap laser removal tattoo,"May 5, Leads-Search-2",Ad group 1,1,0,0.0,0.0,0.0
cheap laser treatment near me,"May 5, Leads-Search-2",Ad group 1,1,0,0.0,0.0,0.0
cheap waxing edmonton,"May 5, Leads-Search-2",Ad group 1,1,0,0.0,0.0,0.0
cheapest tattoo removal near me,"May 5, Leads-Search-2",Ad group 1,1,0,0.0,0.0,0.0
cheek hair removal for men,"May 5, Leads-Search-2",Ad group 1,1,0,0.0,0.0,0.0
chemical peel,"May 5, Leads-Search-2",Ad group 1,1,0,0.0,0.0,0.0
chemical peel for face,"May 5, Leads-Search-2",Ad group 1,1,0,0.0,0.0,0.0
chemical peel for pubic area,"May 5, Leads-Search-2",Ad group 1,1,0,0.0,0.0,0.0
cheryls place edmonton,"May 5, Leads-Search-2",Ad group 1,1,0,0.0,0.0,0.0
chest hair removal men,"May 5, Leads-Search-2",Ad group 1,2,0,0.0,0.0,0.0
chin laser,"May 5, Leads-Search-2",Ad group 1,1,0,0.0,0.0,0.0
claudia's beauty shop,"May 5, Leads-Search-2",Ad group 1,1,0,0.0,0.0,0.0
clear and brilliant,"May 5, Leads-Search-2",Ad group 1,1,0,0.0,0.0,0.0
clear and brilliant laser,"May 5, Leads-Search-2",Ad group 1,1,0,0.0,0.0,0.0
clear and brilliant laser near me,"May 5, Leads-Search-2",Ad group 1,1,0,0.0,0.0,0.0
clinic laser hair removal near me,"May 5, Leads-Search-2",Ad group 1,1,0,0.0,0.0,0.0
clinix lasers,"May 5, Leads-Search-2",Ad group 1,2,0,0.0,0.0,0.0
co2 cool peel laser,"May 5, Leads-Search-2",Ad group 1,2,0,0.0,0.0,0.0
co2 laser,"May 5, Leads-Search-2",Ad group 1,2,0,0.0,0.0,0.0
co2 laser edmonton,"May 5, Leads-Search-2",Ad group 1,3,0,0.0,0.0,0.0
co2 laser for wrinkles before and after,"May 5, Leads-Search-2",Ad group 1,1,0,0.0,0.0,0.0
co2 laser price,"May 5, Leads-Search-2",Ad group 1,1,0,0.0,0.0,0.0
comfort wax studio,"May 5, Leads-Search-2",Ad group 1,1,0,0.0,0.0,0.0
comfort wax studio edmonton,"May 5, Leads-Search-2",Ad group 1,1,0,0.0,0.0,0.0
confidence code clinic,"May 5, Leads-Search-2",Ad group 1,1,0,0.0,0.0,0.0
coolsculpting edmonton,"May 5, Leads-Search-2",Ad group 1,1,0,0.0,0.0,0.0
corrective skin care,"May 5, Leads-Search-2",Ad group 1,2,0,0.0,0.0,0.0
corrective skin care edmonton,"May 5, Leads-Search-2",Ad group 1,2,0,0.0,0.0,0.0
cosmelan peel edmonton,"May 5, Leads-Search-2",Ad group 1,1,0,0.0,0.0,0.0
cosmetic clinic,"May 5, Leads-Search-2",Ad group 1,1,0,0.0,0.0,0.0
cosmetic clinic near me,"May 5, Leads-Search-2",Ad group 1,2,0,0.0,0.0,0.0
cosmetic injections near me,"May 5, Leads-Search-2",Ad group 1,2,0,0.0,0.0,0.0
cosmo secret,"May 5, Leads-Search-2",Ad group 1,1,0,0.0,0.0,0.0
cost of brazilian hair removal,"May 5, Leads-Search-2",Ad group 1,2,0,0.0,0.0,0.0
cost of laser hair removal,"May 5, Leads-Search-2",Ad group 1,1,0,0.0,0.0,0.0
cost to get laser hair removal,"May 5, Leads-Search-2",Ad group 1,1,0,0.0,0.0,0.0
crave spruce grove,"May 5, Leads-Search-2",Ad group 1,1,0,0.0,0.0,0.0
crotch laser hair removal,"May 5, Leads-Search-2",Ad group 1,1,0,0.0,0.0,0.0
cutera laser,"May 5, Leads-Search-2",Ad group 1,1,0,0.0,0.0,0.0
cyberglow,"May 5, Leads-Search-2",Ad group 1,1,0,0.0,0.0,0.0
cynosure laser,"May 5, Leads-Search-2",Ad group 1,2,0,0.0,0.0,0.0
cynosure laser hair removal,"May 5, Leads-Search-2",Ad group 1,1,0,0.0,0.0,0.0
dark circles treatment near me,"May 5, Leads-Search-2",Ad group 1,1,0,0.0,0.0,0.0
dark neck treatment,"May 5, Leads-Search-2",Ad group 1,1,0,0.0,0.0,0.0
dark spot removal near me,"May 5, Leads-Search-2",Ad group 1,1,0,0.0,0.0,0.0
deep cleanse facial,"May 5, Leads-Search-2",Ad group 1,1,0,0.0,0.0,0.0
deep facial cleaning near me,"May 5, Leads-Search-2",Ad group 1,1,0,0.0,0.0,0.0
deep facial cleansing near me,"May 5, Leads-Search-2",Ad group 1,2,0,0.0,0.0,0.0
deep fractional laser,"May 5, Leads-Search-2",Ad group 1,1,0,0.0,0.0,0.0
deluxeskin,"May 5, Leads-Search-2",Ad group 1,1,0,0.0,0.0,0.0
depilacion laser,"May 5, Leads-Search-2",Ad group 1,1,0,0.0,0.0,0.0
derm,"May 5, Leads-Search-2",Ad group 1,1,0,0.0,0.0,0.0
derm clinic near me,"May 5, Leads-Search-2",Ad group 1,1,0,0.0,0.0,0.0
derma,"May 5, Leads-Search-2",Ad group 1,1,0,0.0,0.0,0.0
derma clinic,"May 5, Leads-Search-2",Ad group 1,1,0,0.0,0.0,0.0
derma clinic near me,"May 5, Leads-Search-2",Ad group 1,2,0,0.0,0.0,0.0
derma experts,"May 5, Leads-Search-2",Ad group 1,1,0,0.0,0.0,0.0
derma laser,"May 5, Leads-Search-2",Ad group 1,2,0,0.0,0.0,0.0
derma lux,"May 5, Leads-Search-2",Ad group 1,1,0,0.0,0.0,0.0
derma near,"May 5, Leads-Search-2",Ad group 1,1,0,0.0,0.0,0.0
derma near me,"May 5, Leads-Search-2",Ad group 1,1,0,0.0,0.0,0.0
derma pure,"May 5, Leads-Search-2",Ad group 1,1,0,0.0,0.0,0.0
derma shine spa st albert,"May 5, Leads-Search-2",Ad group 1,1,0,0.0,0.0,0.0
dermalogica facial near me,"May 5, Leads-Search-2",Ad group 1,1,0,0.0,0.0,0.0
dermalure near me,"May 5, Leads-Search-2",Ad group 1,1,0,0.0,0.0,0.0
dermalux,"May 5, Leads-Search-2",Ad group 1,1,0,0.0,0.0,0.0
dermalux medical aesthetics ™,"May 5, Leads-Search-2",Ad group 1,1,0,0.0,0.0,0.0
dermaneedling near me,"May 5, Leads-Search-2",Ad group 1,1,0,0.0,0.0,0.0
dermaplane facial,"May 5, Leads-Search-2",Ad group 1,2,0,0.0,0.0,0.0
dermaplaning,"May 5, Leads-Search-2",Ad group 1,7,0,0.0,0.0,0.0
dermaplaning at home,"May 5, Leads-Search-2",Ad group 1,1,0,0.0,0.0,0.0
dermaplaning edmonton,"May 5, Leads-Search-2",Ad group 1,4,0,0.0,0.0,0.0
dermaplaning facial,"May 5, Leads-Search-2",Ad group 1,3,0,0.0,0.0,0.0
dermaplaning facial near me,"May 5, Leads-Search-2",Ad group 1,1,0,0.0,0.0,0.0
dermaplaning near me,"May 5, Leads-Search-2",Ad group 1,3,0,0.0,0.0,0.0
dermaplaning sherwood park,"May 5, Leads-Search-2",Ad group 1,1,0,0.0,0.0,0.0
dermaplaning tutorial,"May 5, Leads-Search-2",Ad group 1,1,0,0.0,0.0,0.0
dermapure,"May 5, Leads-Search-2",Ad group 1,1,0,0.0,0.0,0.0
dermapure riverbend,"May 5, Leads-Search-2",Ad group 1,3,0,0.0,0.0,0.0
dermarays laser hair removal,"May 5, Leads-Search-2",Ad group 1,1,0,0.0,0.0,0.0
dermatologist near me,"May 5, Leads-Search-2",Ad group 1,1,0,0.0,0.0,0.0
dermatologists,"May 5, Leads-Search-2",Ad group 1,1,0,0.0,0.0,0.0
dermatologists edmonton,"May 5, Leads-Search-2",Ad group 1,2,0,0.0,0.0,0.0
dermatologists in edmonton,"May 5, Leads-Search-2",Ad group 1,1,0,0.0,0.0,0.0
dermatology,"May 5, Leads-Search-2",Ad group 1,2,0,0.0,0.0,0.0
dermatology clinic edmonton,"May 5, Leads-Search-2",Ad group 1,1,0,0.0,0.0,0.0
dermatology clinic near me,"May 5, Leads-Search-2",Ad group 1,3,0,0.0,0.0,0.0
dermatology clinics,"May 5, Leads-Search-2",Ad group 1,1,0,0.0,0.0,0.0
dermatology clinics edmonton,"May 5, Leads-Search-2",Ad group 1,1,0,0.0,0.0,0.0
dermatology edmonton,"May 5, Leads-Search-2",Ad group 1,3,0,0.0,0.0,0.0
dermatology laser near me,"May 5, Leads-Search-2",Ad group 1,1,0,0.0,0.0,0.0
dermatology windermere,"May 5, Leads-Search-2",Ad group 1,2,0,0.0,0.0,0.0
dermatology yeg,"May 5, Leads-Search-2",Ad group 1,1,0,0.0,0.0,0.0
dermlux,"May 5, Leads-Search-2",Ad group 1,1,0,0.0,0.0,0.0
desire laser,"May 5, Leads-Search-2",Ad group 1,6,0,0.0,0.0,0.0
desire laser edmonton,"May 5, Leads-Search-2",Ad group 1,1,0,0.0,0.0,0.0
diamond facial,"May 5, Leads-Search-2",Ad group 1,1,0,0.0,0.0,0.0
diode laser hair removal,"May 5, Leads-Search-2",Ad group 1,3,0,0.0,0.0,0.0
diode laser near me,"May 5, Leads-Search-2",Ad group 1,1,0,0.0,0.0,0.0
do you have to shave before laser hair removal,"May 5, Leads-Search-2",Ad group 1,1,0,0.0,0.0,0.0
does ipl hair removal work,"May 5, Leads-Search-2",Ad group 1,1,0,0.0,0.0,0.0
does laser hair removal get rid of ingrown hairs,"May 5, Leads-Search-2",Ad group 1,1,0,0.0,0.0,0.0
does laser hair removal get rid of strawberry legs,"May 5, Leads-Search-2",Ad group 1,1,0,0.0,0.0,0.0
does laser hair removal last forever,"May 5, Leads-Search-2",Ad group 1,1,0,0.0,0.0,0.0
double chin removal edmonton,"May 5, Leads-Search-2",Ad group 1,1,0,0.0,0.0,0.0
down there shaving,"May 5, Leads-Search-2",Ad group 1,1,0,0.0,0.0,0.0
dr grewal edmonton,"May 5, Leads-Search-2",Ad group 1,2,0,0.0,0.0,0.0
dr idriss laser,"May 5, Leads-Search-2",Ad group 1,1,0,0.0,0.0,0.0
dr matthew karpman,"May 5, Leads-Search-2",Ad group 1,1,0,0.0,0.0,0.0
dr nakatsui edmonton,"May 5, Leads-Search-2",Ad group 1,1,0,0.0,0.0,0.0
dr rao edmonton,"May 5, Leads-Search-2",Ad group 1,1,0,0.0,0.0,0.0
dr sam ellis laser hair removal,"May 5, Leads-Search-2",Ad group 1,1,0,0.0,0.0,0.0
dr searles dermatology,"May 5, Leads-Search-2",Ad group 1,1,0,0.0,0.0,0.0
dr soong,"May 5, Leads-Search-2",Ad group 1,1,0,0.0,0.0,0.0
dr taher edmonton,"May 5, Leads-Search-2",Ad group 1,1,0,0.0,0.0,0.0
dr tse edmonton,"May 5, Leads-Search-2",Ad group 1,1,0,0.0,0.0,0.0
dr zaki taher,"May 5, Leads-Search-2",Ad group 1,1,0,0.0,0.0,0.0
ear hair laser removal,"May 5, Leads-Search-2",Ad group 1,1,0,0.0,0.0,0.0
ear hair removal for men near me,"May 5, Leads-Search-2",Ad group 1,5,0,0.0,0.0,0.0
ear laser hair removal,"May 5, Leads-Search-2",Ad group 1,1,0,0.0,0.0,0.0
edmonton acne clinic,"May 5, Leads-Search-2",Ad group 1,1,0,0.0,0.0,0.0
edmonton brazilian wax,"May 5, Leads-Search-2",Ad group 1,1,0,0.0,0.0,0.0
edmonton dermatologists,"May 5, Leads-Search-2",Ad group 1,2,0,0.0,0.0,0.0
edmonton dermatology,"May 5, Leads-Search-2",Ad group 1,10,0,0.0,0.0,0.0
edmonton dermatology clinic,"May 5, Leads-Search-2",Ad group 1,6,0,0.0,0.0,0.0
edmonton dermatology cosmetic & skin surgery centre,"May 5, Leads-Search-2",Ad group 1,1,0,0.0,0.0,0.0
edmonton dermatology windermere,"May 5, Leads-Search-2",Ad group 1,1,0,0.0,0.0,0.0
edmonton electrolysis,"May 5, Leads-Search-2",Ad group 1,1,0,0.0,0.0,0.0
edmonton electrolysis hair removal,"May 5, Leads-Search-2",Ad group 1,4,0,0.0,0.0,0.0
edmonton facial spa,"May 5, Leads-Search-2",Ad group 1,1,0,0.0,0.0,0.0
edmonton hair removal,"May 5, Leads-Search-2",Ad group 1,2,0,0.0,0.0,0.0
edmonton hydrafacial,"May 5, Leads-Search-2",Ad group 1,2,0,0.0,0.0,0.0
edmonton laser centre,"May 5, Leads-Search-2",Ad group 1,1,0,0.0,0.0,0.0
edmonton laser clinic,"May 5, Leads-Search-2",Ad group 1,3,0,0.0,0.0,0.0
edmonton laser clinics,"May 5, Leads-Search-2",Ad group 1,2,0,0.0,0.0,0.0
edmonton laser hair removal price,"May 5, Leads-Search-2",Ad group 1,2,0,0.0,0.0,0.0
edmonton laser hair removal prices,"May 5, Leads-Search-2",Ad group 1,4,0,0.0,0.0,0.0
edmonton laser skin treatment,"May 5, Leads-Search-2",Ad group 1,1,0,0.0,0.0,0.0
edmonton lip filler,"May 5, Leads-Search-2",Ad group 1,1,0,0.0,0.0,0.0
edmonton microdermabrasion,"May 5, Leads-Search-2",Ad group 1,1,0,0.0,0.0,0.0
edmonton microneedling,"May 5, Leads-Search-2",Ad group 1,1,0,0.0,0.0,0.0
edmonton rejuvenation dermatology,"May 5, Leads-Search-2",Ad group 1,1,0,0.0,0.0,0.0
edmonton services health and beauty,"May 5, Leads-Search-2",Ad group 1,14,0,0.0,0.0,0.0
edmonton services health and beauty health and beauty services,"May 5, Leads-Search-2",Ad group 1,1,0,0.0,0.0,0.0
edmonton services health and beauty massage services,"May 5, Leads-Search-2",Ad group 1,14,0,0.0,0.0,0.0
edmonton skin care,"May 5, Leads-Search-2",Ad group 1,1,0,0.0,0.0,0.0
edmonton tattoo removal,"May 5, Leads-Search-2",Ad group 1,1,0,0.0,0.0,0.0
edmonton wax,"May 5, Leads-Search-2",Ad group 1,1,0,0.0,0.0,0.0
edmonton waxing services,"May 5, Leads-Search-2",Ad group 1,1,0,0.0,0.0,0.0
eie spa,"May 5, Leads-Search-2",Ad group 1,1,0,0.0,0.0,0.0
electro epilation,"May 5, Leads-Search-2",Ad group 1,1,0,0.0,0.0,0.0
electroepilation hair removal,"May 5, Leads-Search-2",Ad group 1,1,0,0.0,0.0,0.0
electrologist,"May 5, Leads-Search-2",Ad group 1,3,0,0.0,0.0,0.0
electrologist near me,"May 5, Leads-Search-2",Ad group 1,3,0,0.0,0.0,0.0
electrologists,"May 5, Leads-Search-2",Ad group 1,2,0,0.0,0.0,0.0
electrolysis,"May 5, Leads-Search-2",Ad group 1,24,0,0.0,0.0,0.0
electrolysis alberta,"May 5, Leads-Search-2",Ad group 1,1,0,0.0,0.0,0.0
electrolysis brazilian,"May 5, Leads-Search-2",Ad group 1,1,0,0.0,0.0,0.0
electrolysis brazilian hair removal,"May 5, Leads-Search-2",Ad group 1,1,0,0.0,0.0,0.0
electrolysis edmonton cost,"May 5, Leads-Search-2",Ad group 1,2,0,0.0,0.0,0.0
electrolysis eyebrows,"May 5, Leads-Search-2",Ad group 1,2,0,0.0,0.0,0.0
electrolysis for face,"May 5, Leads-Search-2",Ad group 1,1,0,0.0,0.0,0.0
electrolysis for hair removal,"May 5, Leads-Search-2",Ad group 1,1,0,0.0,0.0,0.0
electrolysis hair removal,"May 5, Leads-Search-2",Ad group 1,31,0,0.0,0.0,0.0
electrolysis hair removal cost,"May 5, Leads-Search-2",Ad group 1,2,0,0.0,0.0,0.0
electrolysis hair removal edmonton,"May 5, Leads-Search-2",Ad group 1,4,0,0.0,0.0,0.0
electrolysis hair removal near me,"May 5, Leads-Search-2",Ad group 1,3,0,0.0,0.0,0.0
electrolysis hair removal service near me,"May 5, Leads-Search-2",Ad group 1,2,0,0.0,0.0,0.0
electrolysis hair removal upper lip,"May 5, Leads-Search-2",Ad group 1,2,0,0.0,0.0,0.0
electrolysis head hair removal,"May 5, Leads-Search-2",Ad group 1,1,0,0.0,0.0,0.0
electrolysis in edmonton,"May 5, Leads-Search-2",Ad group 1,2,0,0.0,0.0,0.0
electrolysis ingrown hair removal,"May 5, Leads-Search-2",Ad group 1,1,0,0.0,0.0,0.0
electrolysis laser hair removal,"May 5, Leads-Search-2",Ad group 1,1,0,0.0,0.0,0.0
electrolysis vs laser hair removal for face,"May 5, Leads-Search-2",Ad group 1,1,0,0.0,0.0,0.0
elite iq laser facial,"May 5, Leads-Search-2",Ad group 1,1,0,0.0,0.0,0.0
elite iq laser hair removal,"May 5, Leads-Search-2",Ad group 1,2,0,0.0,0.0,0.0
elite laser hair removal,"May 5, Leads-Search-2",Ad group 1,1,0,0.0,0.0,0.0
elite medi spa,"May 5, Leads-Search-2",Ad group 1,1,0,0.0,0.0,0.0
emface edmonton,"May 5, Leads-Search-2",Ad group 1,1,0,0.0,0.0,0.0
eminence facial,"May 5, Leads-Search-2",Ad group 1,1,0,0.0,0.0,0.0
envision medical spa leduc,"May 5, Leads-Search-2",Ad group 1,1,0,0.0,0.0,0.0
epilator,"May 5, Leads-Search-2",Ad group 1,4,0,0.0,0.0,0.0
epilator face,"May 5, Leads-Search-2",Ad group 1,5,0,0.0,0.0,0.0
epilator hair removal,"May 5, Leads-Search-2",Ad group 1,2,0,0.0,0.0,0.0
epilators,"May 5, Leads-Search-2",Ad group 1,1,0,0.0,0.0,0.0
erbium laser resurfacing near me,"May 5, Leads-Search-2",Ad group 1,1,0,0.0,0.0,0.0
esthetician,"May 5, Leads-Search-2",Ad group 1,5,0,0.0,0.0,0.0
esthetician edmonton,"May 5, Leads-Search-2",Ad group 1,5,0,0.0,0.0,0.0
esthetician near me,"May 5, Leads-Search-2",Ad group 1,1,0,0.0,0.0,0.0
esthetics,"May 5, Leads-Search-2",Ad group 1,2,0,0.0,0.0,0.0
evergreen cosmetic edmonton,"May 5, Leads-Search-2",Ad group 1,1,0,0.0,0.0,0.0
evolution electrolysis,"May 5, Leads-Search-2",Ad group 1,1,0,0.0,0.0,0.0
exfoliating facial,"May 5, Leads-Search-2",Ad group 1,1,0,0.0,0.0,0.0
extended bikini laser hair removal,"May 5, Leads-Search-2",Ad group 1,1,0,0.0,0.0,0.0
extraction facial,"May 5, Leads-Search-2",Ad group 1,2,0,0.0,0.0,0.0
extraction facial edmonton,"May 5, Leads-Search-2",Ad group 1,1,0,0.0,0.0,0.0
eye candy laser hair removal,"May 5, Leads-Search-2",Ad group 1,1,0,0.0,0.0,0.0
eyebrow acne,"May 5, Leads-Search-2",Ad group 1,1,0,0.0,0.0,0.0
eyebrow laser hair removal,"May 5, Leads-Search-2",Ad group 1,1,0,0.0,0.0,0.0
eyebrow threading edmonton,"May 5, Leads-Search-2",Ad group 1,1,0,0.0,0.0,0.0
eyebrow threading near me,"May 5, Leads-Search-2",Ad group 1,2,0,0.0,0.0,0.0
eyebrow wax near me,"May 5, Leads-Search-2",Ad group 1,1,0,0.0,0.0,0.0
eyebrow waxing edmonton,"May 5, Leads-Search-2",Ad group 1,2,0,0.0,0.0,0.0
eyebrow waxing near me,"May 5, Leads-Search-2",Ad group 1,1,0,0.0,0.0,0.0
face care near me,"May 5, Leads-Search-2",Ad group 1,1,0,0.0,0.0,0.0
face hair removal laser treatment cost,"May 5, Leads-Search-2",Ad group 1,1,0,0.0,0.0,0.0
face laser hair removal,"May 5, Leads-Search-2",Ad group 1,5,0,0.0,0.0,0.0
face laser near me,"May 5, Leads-Search-2",Ad group 1,1,0,0.0,0.0,0.0
face laser treatment,"May 5, Leads-Search-2",Ad group 1,1,0,0.0,0.0,0.0
face par daag dhabbe kaise hataye,"May 5, Leads-Search-2",Ad group 1,1,0,0.0,0.0,0.0
face spa near me,"May 5, Leads-Search-2",Ad group 1,1,0,0.0,0.0,0.0
face treatment near me,"May 5, Leads-Search-2",Ad group 1,1,0,0.0,0.0,0.0
face waxing,"May 5, Leads-Search-2",Ad group 1,2,0,0.0,0.0,0.0
facelift edmonton,"May 5, Leads-Search-2",Ad group 1,1,0,0.0,0.0,0.0
faces skin clinic,"May 5, Leads-Search-2",Ad group 1,2,0,0.0,0.0,0.0
facial,"May 5, Leads-Search-2",Ad group 1,13,0,0.0,0.0,0.0
facial at home,"May 5, Leads-Search-2",Ad group 1,1,0,0.0,0.0,0.0
facial chemical peel near me,"May 5, Leads-Search-2",Ad group 1,1,0,0.0,0.0,0.0
facial cleaning,"May 5, Leads-Search-2",Ad group 1,1,0,0.0,0.0,0.0
facial clinic near me,"May 5, Leads-Search-2",Ad group 1,2,0,0.0,0.0,0.0
facial discounts near me,"May 5, Leads-Search-2",Ad group 1,1,0,0.0,0.0,0.0
facial edmonton,"May 5, Leads-Search-2",Ad group 1,4,0,0.0,0.0,0.0
facial edmonton near me,"May 5, Leads-Search-2",Ad group 1,1,0,0.0,0.0,0.0
facial extractions edmonton,"May 5, Leads-Search-2",Ad group 1,1,0,0.0,0.0,0.0
facial for active acne,"May 5, Leads-Search-2",Ad group 1,1,0,0.0,0.0,0.0
facial hair laser,"May 5, Leads-Search-2",Ad group 1,3,0,0.0,0.0,0.0
facial hair removal,"May 5, Leads-Search-2",Ad group 1,1,0,0.0,0.0,0.0
facial hair removal for men,"May 5, Leads-Search-2",Ad group 1,1,0,0.0,0.0,0.0
facial hair removal for older ladies,"May 5, Leads-Search-2",Ad group 1,1,0,0.0,0.0,0.0
facial hair removal for teens,"May 5, Leads-Search-2",Ad group 1,1,0,0.0,0.0,0.0
facial hair removal treatment,"May 5, Leads-Search-2",Ad group 1,1,0,0.0,0.0,0.0
facial hair removal women,"May 5, Leads-Search-2",Ad group 1,2,0,0.0,0.0,0.0
facial hair trimmer,"May 5, Leads-Search-2",Ad group 1,1,0,0.0,0.0,0.0
facial laser,"May 5, Leads-Search-2",Ad group 1,3,0,0.0,0.0,0.0
facial laser hair removal,"May 5, Leads-Search-2",Ad group 1,2,0,0.0,0.0,0.0
facial milia removal near me,"May 5, Leads-Search-2",Ad group 1,3,0,0.0,0.0,0.0
facial near me,"May 5, Leads-Search-2",Ad group 1,20,0,0.0,0.0,0.0
facial near me near me,"May 5, Leads-Search-2",Ad group 1,1,0,0.0,0.0,0.0
facial rejuvenation,"May 5, Leads-Search-2",Ad group 1,1,0,0.0,0.0,0.0
facial salon,"May 5, Leads-Search-2",Ad group 1,1,0,0.0,0.0,0.0
facial salons near me,"May 5, Leads-Search-2",Ad group 1,1,0,0.0,0.0,0.0
facial scar removal,"May 5, Leads-Search-2",Ad group 1,1,0,0.0,0.0,0.0
facial spa edmonton,"May 5, Leads-Search-2",Ad group 1,1,0,0.0,0.0,0.0
facial spa men near me,"May 5, Leads-Search-2",Ad group 1,1,0,0.0,0.0,0.0
facial spa near me,"May 5, Leads-Search-2",Ad group 1,1,0,0.0,0.0,0.0
facial spas,"May 5, Leads-Search-2",Ad group 1,1,0,0.0,0.0,0.0
facial specials near me,"May 5, Leads-Search-2",Ad group 1,3,0,0.0,0.0,0.0
facial st albert,"May 5, Leads-Search-2",Ad group 1,1,0,0.0,0.0,0.0
facial treatment edmonton,"May 5, Leads-Search-2",Ad group 1,1,0,0.0,0.0,0.0
facial treatment near me,"May 5, Leads-Search-2",Ad group 1,3,0,0.0,0.0,0.0
facial wax,"May 5, Leads-Search-2",Ad group 1,2,0,0.0,0.0,0.0
facial wax hair removal,"May 5, Leads-Search-2",Ad group 1,1,0,0.0,0.0,0.0
facial waxing,"May 5, Leads-Search-2",Ad group 1,1,0,0.0,0.0,0.0
facial waxing near me,"May 5, Leads-Search-2",Ad group 1,3,0,0.0,0.0,0.0
facial west edmonton,"May 5, Leads-Search-2",Ad group 1,7,0,0.0,0.0,0.0
facial work,"May 5, Leads-Search-2",Ad group 1,1,0,0.0,0.0,0.0
female shaving,"May 5, Leads-Search-2",Ad group 1,1,0,0.0,0.0,0.0
fine lines st albert,"May 5, Leads-Search-2",Ad group 1,1,0,0.0,0.0,0.0
fix your face,"May 5, Leads-Search-2",Ad group 1,1,0,0.0,0.0,0.0
flawless clinic,"May 5, Leads-Search-2",Ad group 1,1,0,0.0,0.0,0.0
flawless skin clinic,"May 5, Leads-Search-2",Ad group 1,1,0,0.0,0.0,0.0
forever young edmonton,"May 5, Leads-Search-2",Ad group 1,3,0,0.0,0.0,0.0
forever young laser skin rejuvenation reviews,"May 5, Leads-Search-2",Ad group 1,1,0,0.0,0.0,0.0
forever young windermere,"May 5, Leads-Search-2",Ad group 1,7,0,0.0,0.0,0.0
fraxel laser edmonton,"May 5, Leads-Search-2",Ad group 1,1,0,0.0,0.0,0.0
fraxel laser treatment,"May 5, Leads-Search-2",Ad group 1,1,0,0.0,0.0,0.0
fruit facial near me,"May 5, Leads-Search-2",Ad group 1,1,0,0.0,0.0,0.0
full body electrolysis,"May 5, Leads-Search-2",Ad group 1,1,0,0.0,0.0,0.0
full body hair removal laser price,"May 5, Leads-Search-2",Ad group 1,1,0,0.0,0.0,0.0
full body laser,"May 5, Leads-Search-2",Ad group 1,3,0,0.0,0.0,0.0
full body laser hair removal near me,"May 5, Leads-Search-2",Ad group 1,1,0,0.0,0.0,0.0
full body laser price,"May 5, Leads-Search-2",Ad group 1,1,0,0.0,0.0,0.0
full body wax,"May 5, Leads-Search-2",Ad group 1,2,0,0.0,0.0,0.0
full body wax edmonton,"May 5, Leads-Search-2",Ad group 1,9,0,0.0,0.0,0.0
full brazilian wax,"May 5, Leads-Search-2",Ad group 1,1,0,0.0,0.0,0.0
full face laser hair removal,"May 5, Leads-Search-2",Ad group 1,1,0,0.0,0.0,0.0
full facial treatment,"May 5, Leads-Search-2",Ad group 1,1,0,0.0,0.0,0.0
full leg wax,"May 5, Leads-Search-2",Ad group 1,2,0,0.0,0.0,0.0
full leg wax near me,"May 5, Leads-Search-2",Ad group 1,2,0,0.0,0.0,0.0
full leg waxing near me,"May 5, Leads-Search-2",Ad group 1,1,0,0.0,0.0,0.0
fuzz wax bar near me,"May 5, Leads-Search-2",Ad group 1,1,0,0.0,0.0,0.0
gentle max pro,"May 5, Leads-Search-2",Ad group 1,1,0,0.0,0.0,0.0
gentlemax pro laser,"May 5, Leads-Search-2",Ad group 1,2,0,0.0,0.0,0.0
get waxed with me,"May 5, Leads-Search-2",Ad group 1,2,0,0.0,0.0,0.0
getting electrolysis,"May 5, Leads-Search-2",Ad group 1,2,0,0.0,0.0,0.0
getting rid of dark spots on back,"May 5, Leads-Search-2",Ad group 1,1,0,0.0,0.0,0.0
gigi soft wax tutorial,"May 5, Leads-Search-2",Ad group 1,1,0,0.0,0.0,0.0
gillette,"May 5, Leads-Search-2",Ad group 1,1,0,0.0,0.0,0.0
glam salon and spa,"May 5, Leads-Search-2",Ad group 1,1,0,0.0,0.0,0.0
glamour skin and wellness spa,"May 5, Leads-Search-2",Ad group 1,2,0,0.0,0.0,0.0
glamour skin and wellness spa millwoods,"May 5, Leads-Search-2",Ad group 1,1,0,0.0,0.0,0.0
glamxy beauty,"May 5, Leads-Search-2",Ad group 1,1,0,0.0,0.0,0.0
glo facial near me,"May 5, Leads-Search-2",Ad group 1,3,0,0.0,0.0,0.0
glo med spa edmonton,"May 5, Leads-Search-2",Ad group 1,1,0,0.0,0.0,0.0
glo spa,"May 5, Leads-Search-2",Ad group 1,1,0,0.0,0.0,0.0
glow beauty,"May 5, Leads-Search-2",Ad group 1,1,0,0.0,0.0,0.0
glow laser edmonton,"May 5, Leads-Search-2",Ad group 1,1,0,0.0,0.0,0.0
glow skin laser,"May 5, Leads-Search-2",Ad group 1,1,0,0.0,0.0,0.0
glow skin laser edmonton,"May 5, Leads-Search-2",Ad group 1,2,0,0.0,0.0,0.0
glow skin med spa,"May 5, Leads-Search-2",Ad group 1,1,0,0.0,0.0,0.0
glow up for summer,"May 5, Leads-Search-2",Ad group 1,1,0,0.0,0.0,0.0
glowmedspa,"May 5, Leads-Search-2",Ad group 1,1,0,0.0,0.0,0.0
glowskin clinic near me,"May 5, Leads-Search-2",Ad group 1,1,0,0.0,0.0,0.0
glyf spa studio,"May 5, Leads-Search-2",Ad group 1,1,0,0.0,0.0,0.0
groupon laser hair removal,"May 5, Leads-Search-2",Ad group 1,2,0,0.0,0.0,0.0
hair electrolysis near me,"May 5, Leads-Search-2",Ad group 1,2,0,0.0,0.0,0.0
hair laser,"May 5, Leads-Search-2",Ad group 1,2,0,0.0,0.0,0.0
hair laser removal,"May 5, Leads-Search-2",Ad group 1,7,0,0.0,0.0,0.0
hair loss specialist edmonton,"May 5, Leads-Search-2",Ad group 1,1,0,0.0,0.0,0.0
hair loss treatment edmonton,"May 5, Leads-Search-2",Ad group 1,1,0,0.0,0.0,0.0
hair removal,"May 5, Leads-Search-2",Ad group 1,6,0,0.0,0.0,0.0
hair removal at home,"May 5, Leads-Search-2",Ad group 1,2,0,0.0,0.0,0.0
hair removal calgary,"May 5, Leads-Search-2",Ad group 1,1,0,0.0,0.0,0.0
hair removal clinic near me,"May 5, Leads-Search-2",Ad group 1,1,0,0.0,0.0,0.0
hair removal cream,"May 5, Leads-Search-2",Ad group 1,2,0,0.0,0.0,0.0
hair removal devices,"May 5, Leads-Search-2",Ad group 1,1,0,0.0,0.0,0.0
hair removal electrolysis,"May 5, Leads-Search-2",Ad group 1,2,0,0.0,0.0,0.0
hair removal for,"May 5, Leads-Search-2",Ad group 1,1,0,0.0,0.0,0.0
hair removal for women's privates parts,"May 5, Leads-Search-2",Ad group 1,1,0,0.0,0.0,0.0
hair removal laser,"May 5, Leads-Search-2",Ad group 1,8,0,0.0,0.0,0.0
hair removal laser best,"May 5, Leads-Search-2",Ad group 1,1,0,0.0,0.0,0.0
hair removal laser edmonton,"May 5, Leads-Search-2",Ad group 1,3,0,0.0,0.0,0.0
hair removal laser near me,"May 5, Leads-Search-2",Ad group 1,2,0,0.0,0.0,0.0
hair removal legs,"May 5, Leads-Search-2",Ad group 1,1,0,0.0,0.0,0.0
hair removal permanent,"May 5, Leads-Search-2",Ad group 1,1,0,0.0,0.0,0.0
hair removal salon near me,"May 5, Leads-Search-2",Ad group 1,3,0,0.0,0.0,0.0
hair removal studio,"May 5, Leads-Search-2",Ad group 1,1,0,0.0,0.0,0.0
hair removal sugaring,"May 5, Leads-Search-2",Ad group 1,1,0,0.0,0.0,0.0
hair removal treatment,"May 5, Leads-Search-2",Ad group 1,1,0,0.0,0.0,0.0
hair removal using thread,"May 5, Leads-Search-2",Ad group 1,1,0,0.0,0.0,0.0
hair salon and waxing near me,"May 5, Leads-Search-2",Ad group 1,1,0,0.0,0.0,0.0
hair salon edmonton,"May 5, Leads-Search-2",Ad group 1,3,0,0.0,0.0,0.0
hair threading,"May 5, Leads-Search-2",Ad group 1,1,0,0.0,0.0,0.0
hair waxing,"May 5, Leads-Search-2",Ad group 1,1,0,0.0,0.0,0.0
hairline laser removal,"May 5, Leads-Search-2",Ad group 1,1,0,0.0,0.0,0.0
half leg waxing,"May 5, Leads-Search-2",Ad group 1,1,0,0.0,0.0,0.0
handle with care beauty clinic inside,"May 5, Leads-Search-2",Ad group 1,1,0,0.0,0.0,0.0
happy beaver edmonton,"May 5, Leads-Search-2",Ad group 1,1,0,0.0,0.0,0.0
hard wax,"May 5, Leads-Search-2",Ad group 1,1,0,0.0,0.0,0.0
hard wax brazilian,"May 5, Leads-Search-2",Ad group 1,1,0,0.0,0.0,0.0
hard waxing,"May 5, Leads-Search-2",Ad group 1,1,0,0.0,0.0,0.0
hart dermatology,"May 5, Leads-Search-2",Ad group 1,1,0,0.0,0.0,0.0
headmasters salon and spa laser edmonton,"May 5, Leads-Search-2",Ad group 1,1,0,0.0,0.0,0.0
health beauty,"May 5, Leads-Search-2",Ad group 1,1,0,0.0,0.0,0.0
hifu edmonton,"May 5, Leads-Search-2",Ad group 1,1,0,0.0,0.0,0.0
hifu treatment,"May 5, Leads-Search-2",Ad group 1,1,0,0.0,0.0,0.0
hifu treatment edmonton,"May 5, Leads-Search-2",Ad group 1,2,0,0.0,0.0,0.0
high frequency facial,"May 5, Leads-Search-2",Ad group 1,1,0,0.0,0.0,0.0
hirsutism hair removal,"May 5, Leads-Search-2",Ad group 1,1,0,0.0,0.0,0.0
hollywood facial,"May 5, Leads-Search-2",Ad group 1,1,0,0.0,0.0,0.0
hollywood wax,"May 5, Leads-Search-2",Ad group 1,3,0,0.0,0.0,0.0
homemade face wax with sugar,"May 5, Leads-Search-2",Ad group 1,1,0,0.0,0.0,0.0
how bikini wax done,"May 5, Leads-Search-2",Ad group 1,1,0,0.0,0.0,0.0
how does laser hair removal work,"May 5, Leads-Search-2",Ad group 1,1,0,0.0,0.0,0.0
how laser hair removal works,"May 5, Leads-Search-2",Ad group 1,1,0,0.0,0.0,0.0
how long are laser hair removal sessions,"May 5, Leads-Search-2",Ad group 1,1,0,0.0,0.0,0.0
how long does a brazilian wax last,"May 5, Leads-Search-2",Ad group 1,1,0,0.0,0.0,0.0
how long does laser hair removal last,"May 5, Leads-Search-2",Ad group 1,1,0,0.0,0.0,0.0
how long does laser hair removal last on bikini area,"May 5, Leads-Search-2",Ad group 1,1,0,0.0,0.0,0.0
how long does your hair have to be for a brazilian wax,"May 5, Leads-Search-2",Ad group 1,1,0,0.0,0.0,0.0
how many laser hair removal treatments do you need,"May 5, Leads-Search-2",Ad group 1,1,0,0.0,0.0,0.0
how many sessions are needed for laser hair removal,"May 5, Leads-Search-2",Ad group 1,1,0,0.0,0.0,0.0
how many times do you have to get laser hair removal for it to be permanent,"May 5, Leads-Search-2",Ad group 1,1,0,0.0,0.0,0.0
how much are brazilian waxes,"May 5, Leads-Search-2",Ad group 1,1,0,0.0,0.0,0.0
how much does a brazilian wax cost,"May 5, Leads-Search-2",Ad group 1,1,0,0.0,0.0,0.0
how much does bikini hair removal cost,"May 5, Leads-Search-2",Ad group 1,1,0,0.0,0.0,0.0
how much does electrolysis cost,"May 5, Leads-Search-2",Ad group 1,2,0,0.0,0.0,0.0
how much does hair removal electrolysis cost,"May 5, Leads-Search-2",Ad group 1,2,0,0.0,0.0,0.0
how much does it cost to laser facial hair,"May 5, Leads-Search-2",Ad group 1,2,0,0.0,0.0,0.0
how much does it cost to wax legs,"May 5, Leads-Search-2",Ad group 1,1,0,0.0,0.0,0.0
how much does laser hair removal cost,"May 5, Leads-Search-2",Ad group 1,11,0,0.0,0.0,0.0
how much does laser resurfacing cost,"May 5, Leads-Search-2",Ad group 1,1,0,0.0,0.0,0.0
how much for brazilian laser hair removal,"May 5, Leads-Search-2",Ad group 1,1,0,0.0,0.0,0.0
how much is a brazilian wax,"May 5, Leads-Search-2",Ad group 1,1,0,0.0,0.0,0.0
how much is a chemical peel,"May 5, Leads-Search-2",Ad group 1,1,0,0.0,0.0,0.0
how much is a chemical peel near me,"May 5, Leads-Search-2",Ad group 1,1,0,0.0,0.0,0.0
how much is a full body wax,"May 5, Leads-Search-2",Ad group 1,1,0,0.0,0.0,0.0
how much is electrolysis for face,"May 5, Leads-Search-2",Ad group 1,1,0,0.0,0.0,0.0
how much is full body laser hair removal,"May 5, Leads-Search-2",Ad group 1,1,0,0.0,0.0,0.0
how much is hair laser removal cost,"May 5, Leads-Search-2",Ad group 1,1,0,0.0,0.0,0.0
how much is hair removal laser treatment,"May 5, Leads-Search-2",Ad group 1,1,0,0.0,0.0,0.0
how much is ipl treatment,"May 5, Leads-Search-2",Ad group 1,1,0,0.0,0.0,0.0
how much is laser,"May 5, Leads-Search-2",Ad group 1,1,0,0.0,0.0,0.0
how much is laser hair removal,"May 5, Leads-Search-2",Ad group 1,11,0,0.0,0.0,0.0
how much is laser hair removal for legs,"May 5, Leads-Search-2",Ad group 1,2,0,0.0,0.0,0.0
how much is laser treatment for rosacea,"May 5, Leads-Search-2",Ad group 1,1,0,0.0,0.0,0.0
how much is professional laser hair removal,"May 5, Leads-Search-2",Ad group 1,1,0,0.0,0.0,0.0
how much is pubic laser hair removal,"May 5, Leads-Search-2",Ad group 1,1,0,0.0,0.0,0.0
how much laser hair removal cost,"May 5, Leads-Search-2",Ad group 1,1,0,0.0,0.0,0.0
how often do you go for laser hair removal,"May 5, Leads-Search-2",Ad group 1,1,0,0.0,0.0,0.0
how often should i laser hair removal,"May 5, Leads-Search-2",Ad group 1,1,0,0.0,0.0,0.0
how to avoid razor bumps,"May 5, Leads-Search-2",Ad group 1,1,0,0.0,0.0,0.0
how to brazilian wax home,"May 5, Leads-Search-2",Ad group 1,1,0,0.0,0.0,0.0
how to do bikini wax,"May 5, Leads-Search-2",Ad group 1,1,0,0.0,0.0,0.0
how to do underarm waxing,"May 5, Leads-Search-2",Ad group 1,2,0,0.0,0.0,0.0
how to do underarm waxing at home,"May 5, Leads-Search-2",Ad group 1,1,0,0.0,0.0,0.0
how to get clear skin,"May 5, Leads-Search-2",Ad group 1,1,0,0.0,0.0,0.0
how to get rid of acne,"May 5, Leads-Search-2",Ad group 1,1,0,0.0,0.0,0.0
how to get rid of blackheads,"May 5, Leads-Search-2",Ad group 1,1,0,0.0,0.0,0.0
how to get rid of breakouts on face,"May 5, Leads-Search-2",Ad group 1,1,0,0.0,0.0,0.0
how to get rid of chin hairs female,"May 5, Leads-Search-2",Ad group 1,1,0,0.0,0.0,0.0
how to glow up,"May 5, Leads-Search-2",Ad group 1,1,0,0.0,0.0,0.0
how to make your skin smoother,"May 5, Leads-Search-2",Ad group 1,1,0,0.0,0.0,0.0
how to prepare for brazilian laser hair removal,"May 5, Leads-Search-2",Ad group 1,1,0,0.0,0.0,0.0
how to prepare for laser hair removal brazilian,"May 5, Leads-Search-2",Ad group 1,1,0,0.0,0.0,0.0
how to properly trim pubes,"May 5, Leads-Search-2",Ad group 1,1,0,0.0,0.0,0.0
how to remove black marks on face quickly,"May 5, Leads-Search-2",Ad group 1,1,0,0.0,0.0,0.0
how to remove hair from vagina,"May 5, Leads-Search-2",Ad group 1,2,0,0.0,0.0,0.0
how to remove hair from virginia,"May 5, Leads-Search-2",Ad group 1,1,0,0.0,0.0,0.0
how to remove pcos facial hair permanently,"May 5, Leads-Search-2",Ad group 1,2,0,0.0,0.0,0.0
how to remove pigmentation from face naturally,"May 5, Leads-Search-2",Ad group 1,1,0,0.0,0.0,0.0
how to remove pubic hair without shaving female,"May 5, Leads-Search-2",Ad group 1,1,0,0.0,0.0,0.0
how to remove tan from face,"May 5, Leads-Search-2",Ad group 1,1,0,0.0,0.0,0.0
how to shave armpit hair,"May 5, Leads-Search-2",Ad group 1,1,0,0.0,0.0,0.0
how to shave down there,"May 5, Leads-Search-2",Ad group 1,3,0,0.0,0.0,0.0
how to shave down there female,"May 5, Leads-Search-2",Ad group 1,2,0,0.0,0.0,0.0
how to shave hair for men,"May 5, Leads-Search-2",Ad group 1,1,0,0.0,0.0,0.0
how to shave hair for women,"May 5, Leads-Search-2",Ad group 1,1,0,0.0,0.0,0.0
how to shave properly,"May 5, Leads-Search-2",Ad group 1,1,0,0.0,0.0,0.0
how to shave your vagina,"May 5, Leads-Search-2",Ad group 1,1,0,0.0,0.0,0.0
how to shave your vagina tutorial,"May 5, Leads-Search-2",Ad group 1,1,0,0.0,0.0,0.0
how to stop chin hair growth in females,"May 5, Leads-Search-2",Ad group 1,1,0,0.0,0.0,0.0
how to trim your bikini area,"May 5, Leads-Search-2",Ad group 1,2,0,0.0,0.0,0.0
how to use a bikini trimmer,"May 5, Leads-Search-2",Ad group 1,1,0,0.0,0.0,0.0
how to use braun silk expert pro 5,"May 5, Leads-Search-2",Ad group 1,2,0,0.0,0.0,0.0
how to use persian cold wax,"May 5, Leads-Search-2",Ad group 1,1,0,0.0,0.0,0.0
how to use sugar wax,"May 5, Leads-Search-2",Ad group 1,2,0,0.0,0.0,0.0
how to wax strip bikini line,"May 5, Leads-Search-2",Ad group 1,1,0,0.0,0.0,0.0
huevine brazilian wax,"May 5, Leads-Search-2",Ad group 1,1,0,0.0,0.0,0.0
huyana beauty,"May 5, Leads-Search-2",Ad group 1,1,0,0.0,0.0,0.0
hydra dermabrasion,"May 5, Leads-Search-2",Ad group 1,1,0,0.0,0.0,0.0
hydra facial,"May 5, Leads-Search-2",Ad group 1,1,0,0.0,0.0,0.0
hydra facial at home near me,"May 5, Leads-Search-2",Ad group 1,1,0,0.0,0.0,0.0
hydra facial edmonton,"May 5, Leads-Search-2",Ad group 1,1,0,0.0,0.0,0.0
hydra facial near me,"May 5, Leads-Search-2",Ad group 1,2,0,0.0,0.0,0.0
hydra facial price near me,"May 5, Leads-Search-2",Ad group 1,1,0,0.0,0.0,0.0
hydra facial treatment,"May 5, Leads-Search-2",Ad group 1,3,0,0.0,0.0,0.0
hydra facial treatment step by step,"May 5, Leads-Search-2",Ad group 1,1,0,0.0,0.0,0.0
hydrafacial,"May 5, Leads-Search-2",Ad group 1,1,0,0.0,0.0,0.0
hydrafacial edmonton,"May 5, Leads-Search-2",Ad group 1,13,0,0.0,0.0,0.0
hydrafacial for men,"May 5, Leads-Search-2",Ad group 1,1,0,0.0,0.0,0.0
hydrafacial price near me,"May 5, Leads-Search-2",Ad group 1,1,0,0.0,0.0,0.0
hydrafacial step by step,"May 5, Leads-Search-2",Ad group 1,1,0,0.0,0.0,0.0
hydrafacial treatment,"May 5, Leads-Search-2",Ad group 1,1,0,0.0,0.0,0.0
hyperpigmentation,"May 5, Leads-Search-2",Ad group 1,1,0,0.0,0.0,0.0
hyperpigmentation treatment edmonton,"May 5, Leads-Search-2",Ad group 1,1,0,0.0,0.0,0.0
ice laser hair removal near me,"May 5, Leads-Search-2",Ad group 1,1,0,0.0,0.0,0.0
images skin lab,"May 5, Leads-Search-2",Ad group 1,2,0,0.0,0.0,0.0
in home waxing service near me,"May 5, Leads-Search-2",Ad group 1,1,0,0.0,0.0,0.0
ingrown hair laser removal,"May 5, Leads-Search-2",Ad group 1,1,0,0.0,0.0,0.0
ingrown hair removal,"May 5, Leads-Search-2",Ad group 1,2,0,0.0,0.0,0.0
ingrown hair removal legs,"May 5, Leads-Search-2",Ad group 1,1,0,0.0,0.0,0.0
ingrown hair removal on face,"May 5, Leads-Search-2",Ad group 1,1,0,0.0,0.0,0.0
ingrown hair removal satisfying,"May 5, Leads-Search-2",Ad group 1,1,0,0.0,0.0,0.0
ingrown hair specialist near me,"May 5, Leads-Search-2",Ad group 1,1,0,0.0,0.0,0.0
ingrown pubic hair,"May 5, Leads-Search-2",Ad group 1,1,0,0.0,0.0,0.0
ingrown pubic hair removal,"May 5, Leads-Search-2",Ad group 1,1,0,0.0,0.0,0.0
inhibitor hair removal cream,"May 5, Leads-Search-2",Ad group 1,1,0,0.0,0.0,0.0
injectables edmonton,"May 5, Leads-Search-2",Ad group 1,1,0,0.0,0.0,0.0
intense pulsed light treatment,"May 5, Leads-Search-2",Ad group 1,1,0,0.0,0.0,0.0
intense pulsed light wrinkles reducing instrument,"May 5, Leads-Search-2",Ad group 1,1,0,0.0,0.0,0.0
international laser clinics edmonton,"May 5, Leads-Search-2",Ad group 1,1,0,0.0,0.0,0.0
intimate area bleaching near me,"May 5, Leads-Search-2",Ad group 1,1,0,0.0,0.0,0.0
intimate bleaching laser,"May 5, Leads-Search-2",Ad group 1,1,0,0.0,0.0,0.0
intimate bleaching laser near me,"May 5, Leads-Search-2",Ad group 1,2,0,0.0,0.0,0.0
intimate shaving,"May 5, Leads-Search-2",Ad group 1,2,0,0.0,0.0,0.0
intimate waxing near me,"May 5, Leads-Search-2",Ad group 1,1,0,0.0,0.0,0.0
ipl bbl laser,"May 5, Leads-Search-2",Ad group 1,1,0,0.0,0.0,0.0
ipl braun silk expert pro 5,"May 5, Leads-Search-2",Ad group 1,1,0,0.0,0.0,0.0
ipl braun silk expert pro 5 review,"May 5, Leads-Search-2",Ad group 1,1,0,0.0,0.0,0.0
ipl edmonton,"May 5, Leads-Search-2",Ad group 1,2,0,0.0,0.0,0.0
ipl face treatment,"May 5, Leads-Search-2",Ad group 1,1,0,0.0,0.0,0.0
ipl hair removal,"May 5, Leads-Search-2",Ad group 1,1,0,0.0,0.0,0.0
ipl hair removal brown skin,"May 5, Leads-Search-2",Ad group 1,1,0,0.0,0.0,0.0
ipl laser,"May 5, Leads-Search-2",Ad group 1,4,0,0.0,0.0,0.0
ipl laser cost,"May 5, Leads-Search-2",Ad group 1,1,0,0.0,0.0,0.0
ipl laser edmonton,"May 5, Leads-Search-2",Ad group 1,5,0,0.0,0.0,0.0
ipl laser hair removal,"May 5, Leads-Search-2",Ad group 1,1,0,0.0,0.0,0.0
ipl laser treatment,"May 5, Leads-Search-2",Ad group 1,2,0,0.0,0.0,0.0
ipl light therapy,"May 5, Leads-Search-2",Ad group 1,1,0,0.0,0.0,0.0
ipl near me,"May 5, Leads-Search-2",Ad group 1,2,0,0.0,0.0,0.0
ipl or laser,"May 5, Leads-Search-2",Ad group 1,2,0,0.0,0.0,0.0
ipl permanent hair removal,"May 5, Leads-Search-2",Ad group 1,1,0,0.0,0.0,0.0
ipl philips,"May 5, Leads-Search-2",Ad group 1,1,0,0.0,0.0,0.0
ipl photofacial,"May 5, Leads-Search-2",Ad group 1,1,0,0.0,0.0,0.0
ipl photofacial before and after,"May 5, Leads-Search-2",Ad group 1,1,0,0.0,0.0,0.0
ipl photofacial edmonton,"May 5, Leads-Search-2",Ad group 1,1,0,0.0,0.0,0.0
ipl skin rejuvenation treatment,"May 5, Leads-Search-2",Ad group 1,1,0,0.0,0.0,0.0
ipl therapy cost,"May 5, Leads-Search-2",Ad group 1,2,0,0.0,0.0,0.0
ipl therapy near me,"May 5, Leads-Search-2",Ad group 1,1,0,0.0,0.0,0.0
ipl treatment,"May 5, Leads-Search-2",Ad group 1,3,0,0.0,0.0,0.0
ipl treatment edmonton,"May 5, Leads-Search-2",Ad group 1,2,0,0.0,0.0,0.0
ipl treatment near me,"May 5, Leads-Search-2",Ad group 1,2,0,0.0,0.0,0.0
is laser hair removal worth it for bikini area,"May 5, Leads-Search-2",Ad group 1,1,0,0.0,0.0,0.0
is laser on bikini safe,"May 5, Leads-Search-2",Ad group 1,1,0,0.0,0.0,0.0
jawtox near me,"May 5, Leads-Search-2",Ad group 1,1,0,0.0,0.0,0.0
kenzzi laser hair removal,"May 5, Leads-Search-2",Ad group 1,1,0,0.0,0.0,0.0
keratosis pilaris,"May 5, Leads-Search-2",Ad group 1,1,0,0.0,0.0,0.0
kierra steil esthetics,"May 5, Leads-Search-2",Ad group 1,2,0,0.0,0.0,0.0
korean beauty clinic near me,"May 5, Leads-Search-2",Ad group 1,1,0,0.0,0.0,0.0
korean dermatology clinic near me,"May 5, Leads-Search-2",Ad group 1,2,0,0.0,0.0,0.0
korean facial near me,"May 5, Leads-Search-2",Ad group 1,2,0,0.0,0.0,0.0
korean waxing,"May 5, Leads-Search-2",Ad group 1,2,0,0.0,0.0,0.0
kurves beauty bar,"May 5, Leads-Search-2",Ad group 1,1,0,0.0,0.0,0.0
la femina laser and spa,"May 5, Leads-Search-2",Ad group 1,1,0,0.0,0.0,0.0
ladies parlour near me,"May 5, Leads-Search-2",Ad group 1,1,0,0.0,0.0,0.0
lased near me,"May 5, Leads-Search-2",Ad group 1,1,0,0.0,0.0,0.0
laser,"May 5, Leads-Search-2",Ad group 1,6,0,0.0,0.0,0.0
laser & aesthetic,"May 5, Leads-Search-2",Ad group 1,2,0,0.0,0.0,0.0
laser and hair removal,"May 5, Leads-Search-2",Ad group 1,1,0,0.0,0.0,0.0
laser and light therapy,"May 5, Leads-Search-2",Ad group 1,1,0,0.0,0.0,0.0
laser and skin care,"May 5, Leads-Search-2",Ad group 1,2,0,0.0,0.0,0.0
laser and spa,"May 5, Leads-Search-2",Ad group 1,2,0,0.0,0.0,0.0
laser armpit hair removal,"May 5, Leads-Search-2",Ad group 1,2,0,0.0,0.0,0.0
laser beard hair removal,"May 5, Leads-Search-2",Ad group 1,1,0,0.0,0.0,0.0
laser beard shaping,"May 5, Leads-Search-2",Ad group 1,1,0,0.0,0.0,0.0
laser beautique,"May 5, Leads-Search-2",Ad group 1,1,0,0.0,0.0,0.0
laser boutique,"May 5, Leads-Search-2",Ad group 1,1,0,0.0,0.0,0.0
laser carbon peel,"May 5, Leads-Search-2",Ad group 1,1,0,0.0,0.0,0.0
laser center near me,"May 5, Leads-Search-2",Ad group 1,1,0,0.0,0.0,0.0
laser charges,"May 5, Leads-Search-2",Ad group 1,1,0,0.0,0.0,0.0
laser clinic,"May 5, Leads-Search-2",Ad group 1,2,0,0.0,0.0,0.0
laser clinic edmonton,"May 5, Leads-Search-2",Ad group 1,2,0,0.0,0.0,0.0
laser clinic near me,"May 5, Leads-Search-2",Ad group 1,5,0,0.0,0.0,0.0
laser clinics near me,"May 5, Leads-Search-2",Ad group 1,1,0,0.0,0.0,0.0
laser deals near me,"May 5, Leads-Search-2",Ad group 1,1,0,0.0,0.0,0.0
laser edmonton,"May 5, Leads-Search-2",Ad group 1,6,0,0.0,0.0,0.0
laser exfoliation,"May 5, Leads-Search-2",Ad group 1,1,0,0.0,0.0,0.0
laser eye bags removal,"May 5, Leads-Search-2",Ad group 1,1,0,0.0,0.0,0.0
laser eye tightening,"May 5, Leads-Search-2",Ad group 1,1,0,0.0,0.0,0.0
laser eyebrow tattoo removal,"May 5, Leads-Search-2",Ad group 1,1,0,0.0,0.0,0.0
laser face hair removal,"May 5, Leads-Search-2",Ad group 1,1,0,0.0,0.0,0.0
laser face lift price,"May 5, Leads-Search-2",Ad group 1,1,0,0.0,0.0,0.0
laser face treatment near me,"May 5, Leads-Search-2",Ad group 1,1,0,0.0,0.0,0.0
laser face treatments,"May 5, Leads-Search-2",Ad group 1,1,0,0.0,0.0,0.0
laser facial hair removal,"May 5, Leads-Search-2",Ad group 1,1,0,0.0,0.0,0.0
laser facial hair removal cost,"May 5, Leads-Search-2",Ad group 1,1,0,0.0,0.0,0.0
laser facial hair removal cost near me,"May 5, Leads-Search-2",Ad group 1,1,0,0.0,0.0,0.0
laser facial hair removal near me,"May 5, Leads-Search-2",Ad group 1,1,0,0.0,0.0,0.0
laser for dark circles,"May 5, Leads-Search-2",Ad group 1,1,0,0.0,0.0,0.0
laser for face,"May 5, Leads-Search-2",Ad group 1,1,0,0.0,0.0,0.0
laser for face near me,"May 5, Leads-Search-2",Ad group 1,1,0,0.0,0.0,0.0
laser for legs cost,"May 5, Leads-Search-2",Ad group 1,1,0,0.0,0.0,0.0
laser for underarm pigmentation,"May 5, Leads-Search-2",Ad group 1,1,0,0.0,0.0,0.0
laser gateway,"May 5, Leads-Search-2",Ad group 1,1,0,0.0,0.0,0.0
laser hair near me,"May 5, Leads-Search-2",Ad group 1,1,0,0.0,0.0,0.0
laser hair removal aftercare,"May 5, Leads-Search-2",Ad group 1,1,0,0.0,0.0,0.0
laser hair removal alexandrite,"May 5, Leads-Search-2",Ad group 1,1,0,0.0,0.0,0.0
laser hair removal areas,"May 5, Leads-Search-2",Ad group 1,1,0,0.0,0.0,0.0
laser hair removal armpit,"May 5, Leads-Search-2",Ad group 1,1,0,0.0,0.0,0.0
laser hair removal armpits,"May 5, Leads-Search-2",Ad group 1,1,0,0.0,0.0,0.0
laser hair removal armpits price,"May 5, Leads-Search-2",Ad group 1,1,0,0.0,0.0,0.0
laser hair removal average cost,"May 5, Leads-Search-2",Ad group 1,1,0,0.0,0.0,0.0
laser hair removal back,"May 5, Leads-Search-2",Ad group 1,1,0,0.0,0.0,0.0
laser hair removal beauty style,"May 5, Leads-Search-2",Ad group 1,4,0,0.0,0.0,0.0
laser hair removal bikini area,"May 5, Leads-Search-2",Ad group 1,1,0,0.0,0.0,0.0
laser hair removal brazilian,"May 5, Leads-Search-2",Ad group 1,8,0,0.0,0.0,0.0
laser hair removal bundle,"May 5, Leads-Search-2",Ad group 1,1,0,0.0,0.0,0.0
laser hair removal center near me,"May 5, Leads-Search-2",Ad group 1,3,0,0.0,0.0,0.0
laser hair removal cheap,"May 5, Leads-Search-2",Ad group 1,1,0,0.0,0.0,0.0
laser hair removal cheeks men,"May 5, Leads-Search-2",Ad group 1,2,0,0.0,0.0,0.0
laser hair removal chin,"May 5, Leads-Search-2",Ad group 1,1,0,0.0,0.0,0.0
laser hair removal clinic,"May 5, Leads-Search-2",Ad group 1,7,0,0.0,0.0,0.0
laser hair removal clinic near me,"May 5, Leads-Search-2",Ad group 1,1,0,0.0,0.0,0.0
laser hair removal cost,"May 5, Leads-Search-2",Ad group 1,9,0,0.0,0.0,0.0
laser hair removal cost brazilian,"May 5, Leads-Search-2",Ad group 1,1,0,0.0,0.0,0.0
laser hair removal cost edmonton,"May 5, Leads-Search-2",Ad group 1,1,0,0.0,0.0,0.0
laser hair removal course edmonton,"May 5, Leads-Search-2",Ad group 1,1,0,0.0,0.0,0.0
laser hair removal courses,"May 5, Leads-Search-2",Ad group 1,1,0,0.0,0.0,0.0
laser hair removal dark skin,"May 5, Leads-Search-2",Ad group 1,1,0,0.0,0.0,0.0
laser hair removal deals edmonton,"May 5, Leads-Search-2",Ad group 1,1,0,0.0,0.0,0.0
laser hair removal deals near me,"May 5, Leads-Search-2",Ad group 1,1,0,0.0,0.0,0.0
laser hair removal ears,"May 5, Leads-Search-2",Ad group 1,1,0,0.0,0.0,0.0
laser hair removal edmonton cost,"May 5, Leads-Search-2",Ad group 1,2,0,0.0,0.0,0.0
laser hair removal edmonton groupon,"May 5, Leads-Search-2",Ad group 1,1,0,0.0,0.0,0.0
laser hair removal edmonton near me,"May 5, Leads-Search-2",Ad group 1,4,0,0.0,0.0,0.0
laser hair removal edmonton packages,"May 5, Leads-Search-2",Ad group 1,1,0,0.0,0.0,0.0
laser hair removal edmonton south,"May 5, Leads-Search-2",Ad group 1,3,0,0.0,0.0,0.0
laser hair removal face,"May 5, Leads-Search-2",Ad group 1,2,0,0.0,0.0,0.0
laser hair removal face price,"May 5, Leads-Search-2",Ad group 1,1,0,0.0,0.0,0.0
laser hair removal for bikini area,"May 5, Leads-Search-2",Ad group 1,1,0,0.0,0.0,0.0
laser hair removal for brown skin,"May 5, Leads-Search-2",Ad group 1,2,0,0.0,0.0,0.0
laser hair removal for chin hair,"May 5, Leads-Search-2",Ad group 1,1,0,0.0,0.0,0.0
laser hair removal for facial hair,"May 5, Leads-Search-2",Ad group 1,2,0,0.0,0.0,0.0
laser hair removal for hirsutism,"May 5, Leads-Search-2",Ad group 1,1,0,0.0,0.0,0.0
laser hair removal for ingrown hairs,"May 5, Leads-Search-2",Ad group 1,1,0,0.0,0.0,0.0
laser hair removal for upper lip,"May 5, Leads-Search-2",Ad group 1,1,0,0.0,0.0,0.0
laser hair removal for women,"May 5, Leads-Search-2",Ad group 1,1,0,0.0,0.0,0.0
laser hair removal forehead hairline,"May 5, Leads-Search-2",Ad group 1,1,0,0.0,0.0,0.0
laser hair removal full body,"May 5, Leads-Search-2",Ad group 1,1,0,0.0,0.0,0.0
laser hair removal how much does it cost,"May 5, Leads-Search-2",Ad group 1,1,0,0.0,0.0,0.0
laser hair removal in red deer,"May 5, Leads-Search-2",Ad group 1,1,0,0.0,0.0,0.0
laser hair removal inmode,"May 5, Leads-Search-2",Ad group 1,1,0,0.0,0.0,0.0
laser hair removal inside nose,"May 5, Leads-Search-2",Ad group 1,1,0,0.0,0.0,0.0
laser hair removal lowest price,"May 5, Leads-Search-2",Ad group 1,1,0,0.0,0.0,0.0
laser hair removal men,"May 5, Leads-Search-2",Ad group 1,1,0,0.0,0.0,0.0
laser hair removal on neck women,"May 5, Leads-Search-2",Ad group 1,1,0,0.0,0.0,0.0
laser hair removal price,"May 5, Leads-Search-2",Ad group 1,1,0,0.0,0.0,0.0
laser hair removal prices,"May 5, Leads-Search-2",Ad group 1,2,0,0.0,0.0,0.0
laser hair removal review,"May 5, Leads-Search-2",Ad group 1,1,0,0.0,0.0,0.0
laser hair removal services near me,"May 5, Leads-Search-2",Ad group 1,2,0,0.0,0.0,0.0
laser hair removal sideburns,"May 5, Leads-Search-2",Ad group 1,2,0,0.0,0.0,0.0
laser hair removal south,"May 5, Leads-Search-2",Ad group 1,3,0,0.0,0.0,0.0
laser hair removal south edmonton,"May 5, Leads-Search-2",Ad group 1,4,0,0.0,0.0,0.0
laser hair removal southgate,"May 5, Leads-Search-2",Ad group 1,1,0,0.0,0.0,0.0
laser hair removal specials near me,"May 5, Leads-Search-2",Ad group 1,1,0,0.0,0.0,0.0
laser hair removal spruce grove,"May 5, Leads-Search-2",Ad group 1,1,0,0.0,0.0,0.0
laser hair removal touch up sessions,"May 5, Leads-Search-2",Ad group 1,1,0,0.0,0.0,0.0
laser hair removal treatment near me,"May 5, Leads-Search-2",Ad group 1,1,0,0.0,0.0,0.0
laser hair removal underarms,"May 5, Leads-Search-2",Ad group 1,2,0,0.0,0.0,0.0
laser hair removal upper lip,"May 5, Leads-Search-2",Ad group 1,1,0,0.0,0.0,0.0
laser hair temoval near me,"May 5, Leads-Search-2",Ad group 1,1,0,0.0,0.0,0.0
laser hair treatment cost,"May 5, Leads-Search-2",Ad group 1,2,0,0.0,0.0,0.0
laser lips treatment price,"May 5, Leads-Search-2",Ad group 1,1,0,0.0,0.0,0.0
laser md,"May 5, Leads-Search-2",Ad group 1,1,0,0.0,0.0,0.0
laser mole removal,"May 5, Leads-Search-2",Ad group 1,1,0,0.0,0.0,0.0
laser moustache,"May 5, Leads-Search-2",Ad group 1,1,0,0.0,0.0,0.0
laser n,"May 5, Leads-Search-2",Ad group 1,1,0,0.0,0.0,0.0
laser n style photos,"May 5, Leads-Search-2",Ad group 1,1,0,0.0,0.0,0.0
laser n style reviews,"May 5, Leads-Search-2",Ad group 1,1,0,0.0,0.0,0.0
laser nd yag,"May 5, Leads-Search-2",Ad group 1,1,0,0.0,0.0,0.0
laser near me,"May 5, Leads-Search-2",Ad group 1,27,0,0.0,0.0,0.0
laser near me hair removal near me,"May 5, Leads-Search-2",Ad group 1,1,0,0.0,0.0,0.0
laser place near me,"May 5, Leads-Search-2",Ad group 1,1,0,0.0,0.0,0.0
laser rejuvenation,"May 5, Leads-Search-2",Ad group 1,1,0,0.0,0.0,0.0
laser rejuvenation clinic,"May 5, Leads-Search-2",Ad group 1,2,0,0.0,0.0,0.0
laser removal,"May 5, Leads-Search-2",Ad group 1,1,0,0.0,0.0,0.0
laser removal edmonton,"May 5, Leads-Search-2",Ad group 1,3,0,0.0,0.0,0.0
laser removal hair,"May 5, Leads-Search-2",Ad group 1,2,0,0.0,0.0,0.0
laser removal near me,"May 5, Leads-Search-2",Ad group 1,3,0,0.0,0.0,0.0
laser removal price,"May 5, Leads-Search-2",Ad group 1,1,0,0.0,0.0,0.0
laser resurfacing edmonton,"May 5, Leads-Search-2",Ad group 1,1,0,0.0,0.0,0.0
laser salon,"May 5, Leads-Search-2",Ad group 1,1,0,0.0,0.0,0.0
laser scar removal,"May 5, Leads-Search-2",Ad group 1,1,0,0.0,0.0,0.0
laser scar removal before and after,"May 5, Leads-Search-2",Ad group 1,1,0,0.0,0.0,0.0
laser sheer west edmonton mall,"May 5, Leads-Search-2",Ad group 1,3,0,0.0,0.0,0.0
laser skin and hair,"May 5, Leads-Search-2",Ad group 1,1,0,0.0,0.0,0.0
laser skin rejuvenation,"May 5, Leads-Search-2",Ad group 1,2,0,0.0,0.0,0.0
laser skin treatment,"May 5, Leads-Search-2",Ad group 1,1,0,0.0,0.0,0.0
laser skin whitening,"May 5, Leads-Search-2",Ad group 1,1,0,0.0,0.0,0.0
laser spider vein removal near me,"May 5, Leads-Search-2",Ad group 1,1,0,0.0,0.0,0.0
laser tan removal,"May 5, Leads-Search-2",Ad group 1,2,0,0.0,0.0,0.0
laser tattoo removal edmonton,"May 5, Leads-Search-2",Ad group 1,2,0,0.0,0.0,0.0
laser tattoo removal near me,"May 5, Leads-Search-2",Ad group 1,1,0,0.0,0.0,0.0
laser technician,"May 5, Leads-Search-2",Ad group 1,1,0,0.0,0.0,0.0
laser therapy,"May 5, Leads-Search-2",Ad group 1,3,0,0.0,0.0,0.0
laser therapy for old stretch marks,"May 5, Leads-Search-2",Ad group 1,1,0,0.0,0.0,0.0
laser therapy for rosacea,"May 5, Leads-Search-2",Ad group 1,1,0,0.0,0.0,0.0
laser therapy near me,"May 5, Leads-Search-2",Ad group 1,1,0,0.0,0.0,0.0
laser toning facial,"May 5, Leads-Search-2",Ad group 1,1,0,0.0,0.0,0.0
laser treatment,"May 5, Leads-Search-2",Ad group 1,5,0,0.0,0.0,0.0
laser treatment clinic near me,"May 5, Leads-Search-2",Ad group 1,1,0,0.0,0.0,0.0
laser treatment cost,"May 5, Leads-Search-2",Ad group 1,2,0,0.0,0.0,0.0
laser treatment face,"May 5, Leads-Search-2",Ad group 1,1,0,0.0,0.0,0.0
laser treatment for dark circles,"May 5, Leads-Search-2",Ad group 1,1,0,0.0,0.0,0.0
laser treatment for eye wrinkles,"May 5, Leads-Search-2",Ad group 1,1,0,0.0,0.0,0.0
laser treatment for face,"May 5, Leads-Search-2",Ad group 1,1,0,0.0,0.0,0.0
laser treatment for under eye bags,"May 5, Leads-Search-2",Ad group 1,1,0,0.0,0.0,0.0
laser treatment near me,"May 5, Leads-Search-2",Ad group 1,1,0,0.0,0.0,0.0
laser treatments edmonton,"May 5, Leads-Search-2",Ad group 1,2,0,0.0,0.0,0.0
laser under eye bag removal,"May 5, Leads-Search-2",Ad group 1,1,0,0.0,0.0,0.0
laser under eye treatment near me,"May 5, Leads-Search-2",Ad group 1,1,0,0.0,0.0,0.0
laser underarm,"May 5, Leads-Search-2",Ad group 1,2,0,0.0,0.0,0.0
laser underarm hair removal,"May 5, Leads-Search-2",Ad group 1,3,0,0.0,0.0,0.0
laser underarm near me,"May 5, Leads-Search-2",Ad group 1,2,0,0.0,0.0,0.0
laser upper lip hair removal cost,"May 5, Leads-Search-2",Ad group 1,1,0,0.0,0.0,0.0
laser wart removal,"May 5, Leads-Search-2",Ad group 1,1,0,0.0,0.0,0.0
laser wart removal edmonton,"May 5, Leads-Search-2",Ad group 1,3,0,0.0,0.0,0.0
laser wax near me,"May 5, Leads-Search-2",Ad group 1,1,0,0.0,0.0,0.0
lasering pubic hair,"May 5, Leads-Search-2",Ad group 1,2,0,0.0,0.0,0.0
laserit,"May 5, Leads-Search-2",Ad group 1,2,0,0.0,0.0,0.0
lasting impressions laser edmonton,"May 5, Leads-Search-2",Ad group 1,1,0,0.0,0.0,0.0
lazer near me,"May 5, Leads-Search-2",Ad group 1,1,0,0.0,0.0,0.0
leah v,"May 5, Leads-Search-2",Ad group 1,1,0,0.0,0.0,0.0
leah v edmonton,"May 5, Leads-Search-2",Ad group 1,4,0,0.0,0.0,0.0
leah v skin care,"May 5, Leads-Search-2",Ad group 1,1,0,0.0,0.0,0.0
leah v skin care and laser clinic edmonton,"May 5, Leads-Search-2",Ad group 1,1,0,0.0,0.0,0.0
leah v skincare,"May 5, Leads-Search-2",Ad group 1,8,0,0.0,0.0,0.0
leah v skincare edmonton,"May 5, Leads-Search-2",Ad group 1,1,0,0.0,0.0,0.0
lecure,"May 5, Leads-Search-2",Ad group 1,1,0,0.0,0.0,0.0
leg hair removal for men,"May 5, Leads-Search-2",Ad group 1,3,0,0.0,0.0,0.0
leg laser hair removal near me,"May 5, Leads-Search-2",Ad group 1,1,0,0.0,0.0,0.0
leg wax near me,"May 5, Leads-Search-2",Ad group 1,1,0,0.0,0.0,0.0
leg waxing,"May 5, Leads-Search-2",Ad group 1,1,0,0.0,0.0,0.0
leg waxing edmonton,"May 5, Leads-Search-2",Ad group 1,1,0,0.0,0.0,0.0
leg waxing near me,"May 5, Leads-Search-2",Ad group 1,1,0,0.0,0.0,0.0
lgbt friendly laser hair removal,"May 5, Leads-Search-2",Ad group 1,1,0,0.0,0.0,0.0
lgbtq friendly laser hair removal,"May 5, Leads-Search-2",Ad group 1,1,0,0.0,0.0,0.0
lhr laser,"May 5, Leads-Search-2",Ad group 1,1,0,0.0,0.0,0.0
light therapy edmonton,"May 5, Leads-Search-2",Ad group 1,1,0,0.0,0.0,0.0
lip filler st albert,"May 5, Leads-Search-2",Ad group 1,1,0,0.0,0.0,0.0
lip fuzz,"May 5, Leads-Search-2",Ad group 1,1,0,0.0,0.0,0.0
lipstick empire edmonton,"May 5, Leads-Search-2",Ad group 1,1,0,0.0,0.0,0.0
look lab,"May 5, Leads-Search-2",Ad group 1,2,0,0.0,0.0,0.0
lotus laser sherwood park,"May 5, Leads-Search-2",Ad group 1,1,0,0.0,0.0,0.0
lotus laser skin rejuvenation,"May 5, Leads-Search-2",Ad group 1,1,0,0.0,0.0,0.0
lounge medical spa,"May 5, Leads-Search-2",Ad group 1,7,0,0.0,0.0,0.0
lounge medical spa edmonton,"May 5, Leads-Search-2",Ad group 1,3,0,0.0,0.0,0.0
lucere,"May 5, Leads-Search-2",Ad group 1,3,0,0.0,0.0,0.0
lucere dermatology & laser clinic downtown,"May 5, Leads-Search-2",Ad group 1,1,0,0.0,0.0,0.0
lucere downtown,"May 5, Leads-Search-2",Ad group 1,2,0,0.0,0.0,0.0
lucere edmonton,"May 5, Leads-Search-2",Ad group 1,1,0,0.0,0.0,0.0
lucere edmonton south,"May 5, Leads-Search-2",Ad group 1,1,0,0.0,0.0,0.0
lucere skin clinic,"May 5, Leads-Search-2",Ad group 1,1,0,0.0,0.0,0.0
lucere south edmonton,"May 5, Leads-Search-2",Ad group 1,1,0,0.0,0.0,0.0
lucerne edmonton,"May 5, Leads-Search-2",Ad group 1,1,0,0.0,0.0,0.0
lumecca,"May 5, Leads-Search-2",Ad group 1,1,0,0.0,0.0,0.0
lumecca ipl,"May 5, Leads-Search-2",Ad group 1,1,0,0.0,0.0,0.0
lumiere medical spa,"May 5, Leads-Search-2",Ad group 1,1,0,0.0,0.0,0.0
lumina aesthetics near me,"May 5, Leads-Search-2",Ad group 1,1,0,0.0,0.0,0.0
luminova skin and laser,"May 5, Leads-Search-2",Ad group 1,1,0,0.0,0.0,0.0
lutronic ultra laser,"May 5, Leads-Search-2",Ad group 1,1,0,0.0,0.0,0.0
lutronic ultra laser before and after,"May 5, Leads-Search-2",Ad group 1,1,0,0.0,0.0,0.0
lux hair removal,"May 5, Leads-Search-2",Ad group 1,1,0,0.0,0.0,0.0
luxe laser,"May 5, Leads-Search-2",Ad group 1,1,0,0.0,0.0,0.0
luxe laser studio,"May 5, Leads-Search-2",Ad group 1,2,0,0.0,0.0,0.0
lyma laser pro,"May 5, Leads-Search-2",Ad group 1,1,0,0.0,0.0,0.0
male brazilian,"May 5, Leads-Search-2",Ad group 1,2,0,0.0,0.0,0.0
male brazilian wax,"May 5, Leads-Search-2",Ad group 1,3,0,0.0,0.0,0.0
male brazilian wax near me,"May 5, Leads-Search-2",Ad group 1,1,0,0.0,0.0,0.0
male laser hair removal cost,"May 5, Leads-Search-2",Ad group 1,1,0,0.0,0.0,0.0
male waxing near me,"May 5, Leads-Search-2",Ad group 1,1,0,0.0,0.0,0.0
malva beauty,"May 5, Leads-Search-2",Ad group 1,1,0,0.0,0.0,0.0
man brazilian wax near me,"May 5, Leads-Search-2",Ad group 1,1,0,0.0,0.0,0.0
manzilian,"May 5, Leads-Search-2",Ad group 1,3,0,0.0,0.0,0.0
manzilian edmonton,"May 5, Leads-Search-2",Ad group 1,7,0,0.0,0.0,0.0
manzilian laser hair removal,"May 5, Leads-Search-2",Ad group 1,3,0,0.0,0.0,0.0
manzilian wax,"May 5, Leads-Search-2",Ad group 1,3,0,0.0,0.0,0.0
md laser skin,"May 5, Leads-Search-2",Ad group 1,1,0,0.0,0.0,0.0
md laser spa,"May 5, Leads-Search-2",Ad group 1,1,0,0.0,0.0,0.0
md spa,"May 5, Leads-Search-2",Ad group 1,4,0,0.0,0.0,0.0
md spa beaumont,"May 5, Leads-Search-2",Ad group 1,1,0,0.0,0.0,0.0
med spa,"May 5, Leads-Search-2",Ad group 1,1,0,0.0,0.0,0.0
med spa edmonton,"May 5, Leads-Search-2",Ad group 1,4,0,0.0,0.0,0.0
med spa near me,"May 5, Leads-Search-2",Ad group 1,1,0,0.0,0.0,0.0
medaesthetics,"May 5, Leads-Search-2",Ad group 1,1,0,0.0,0.0,0.0
medi spa edmonton,"May 5, Leads-Search-2",Ad group 1,1,0,0.0,0.0,0.0
medical aesthetician,"May 5, Leads-Search-2",Ad group 1,1,0,0.0,0.0,0.0
medical aesthetics,"May 5, Leads-Search-2",Ad group 1,1,0,0.0,0.0,0.0
medical aesthetics edmonton,"May 5, Leads-Search-2",Ad group 1,1,0,0.0,0.0,0.0
medical aesthetics near me,"May 5, Leads-Search-2",Ad group 1,1,0,0.0,0.0,0.0
medical spa edmonton,"May 5, Leads-Search-2",Ad group 1,3,0,0.0,0.0,0.0
medical spa near me,"May 5, Leads-Search-2",Ad group 1,2,0,0.0,0.0,0.0
medical spas edmonton,"May 5, Leads-Search-2",Ad group 1,1,0,0.0,0.0,0.0
medifacial,"May 5, Leads-Search-2",Ad group 1,1,0,0.0,0.0,0.0
medispa near me,"May 5, Leads-Search-2",Ad group 1,1,0,0.0,0.0,0.0
medspa near me,"May 5, Leads-Search-2",Ad group 1,1,0,0.0,0.0,0.0
melasma,"May 5, Leads-Search-2",Ad group 1,1,0,0.0,0.0,0.0
men brazilian,"May 5, Leads-Search-2",Ad group 1,4,0,0.0,0.0,0.0
men brazilian wax,"May 5, Leads-Search-2",Ad group 1,3,0,0.0,0.0,0.0
men brazilian wax near me,"May 5, Leads-Search-2",Ad group 1,2,0,0.0,0.0,0.0
men facial near me,"May 5, Leads-Search-2",Ad group 1,1,0,0.0,0.0,0.0
men facial treatment,"May 5, Leads-Search-2",Ad group 1,1,0,0.0,0.0,0.0
men hair removal laser near me,"May 5, Leads-Search-2",Ad group 1,2,0,0.0,0.0,0.0
men hair removal near me,"May 5, Leads-Search-2",Ad group 1,1,0,0.0,0.0,0.0
men laser hair removal,"May 5, Leads-Search-2",Ad group 1,2,0,0.0,0.0,0.0
men spa,"May 5, Leads-Search-2",Ad group 1,1,0,0.0,0.0,0.0
men waxing,"May 5, Leads-Search-2",Ad group 1,1,0,0.0,0.0,0.0
men waxing back,"May 5, Leads-Search-2",Ad group 1,1,0,0.0,0.0,0.0
men's back waxing near me,"May 5, Leads-Search-2",Ad group 1,1,0,0.0,0.0,0.0
men's brazilian wax,"May 5, Leads-Search-2",Ad group 1,1,0,0.0,0.0,0.0
men's brazilian wax edmonton,"May 5, Leads-Search-2",Ad group 1,1,0,0.0,0.0,0.0
men's facial near me,"May 5, Leads-Search-2",Ad group 1,1,0,0.0,0.0,0.0
men's hair removal,"May 5, Leads-Search-2",Ad group 1,1,0,0.0,0.0,0.0
men's pubic hair removal,"May 5, Leads-Search-2",Ad group 1,1,0,0.0,0.0,0.0
mens back hair removal,"May 5, Leads-Search-2",Ad group 1,1,0,0.0,0.0,0.0
mens back waxing near me,"May 5, Leads-Search-2",Ad group 1,1,0,0.0,0.0,0.0
mens body wax,"May 5, Leads-Search-2",Ad group 1,2,0,0.0,0.0,0.0
mens brazilian,"May 5, Leads-Search-2",Ad group 1,1,0,0.0,0.0,0.0
mens facial,"May 5, Leads-Search-2",Ad group 1,2,0,0.0,0.0,0.0
mens hair removal edmonton,"May 5, Leads-Search-2",Ad group 1,1,0,0.0,0.0,0.0
mens skincare near me,"May 5, Leads-Search-2",Ad group 1,1,0,0.0,0.0,0.0
mens waxing edmonton,"May 5, Leads-Search-2",Ad group 1,7,0,0.0,0.0,0.0
micro needling edmonton,"May 5, Leads-Search-2",Ad group 1,1,0,0.0,0.0,0.0
microblading removal edmonton,"May 5, Leads-Search-2",Ad group 1,1,0,0.0,0.0,0.0
microdermabrasion,"May 5, Leads-Search-2",Ad group 1,1,0,0.0,0.0,0.0
microdermabrasion edmonton,"May 5, Leads-Search-2",Ad group 1,3,0,0.0,0.0,0.0
microdermabrasion facial,"May 5, Leads-Search-2",Ad group 1,4,0,0.0,0.0,0.0
microneedle treatment for face before and after,"May 5, Leads-Search-2",Ad group 1,1,0,0.0,0.0,0.0
microneedling,"May 5, Leads-Search-2",Ad group 1,10,0,0.0,0.0,0.0
microneedling before and after,"May 5, Leads-Search-2",Ad group 1,2,0,0.0,0.0,0.0
microneedling edmonton,"May 5, Leads-Search-2",Ad group 1,14,0,0.0,0.0,0.0
microneedling near me prices,"May 5, Leads-Search-2",Ad group 1,2,0,0.0,0.0,0.0
microneedling with saline,"May 5, Leads-Search-2",Ad group 1,1,0,0.0,0.0,0.0
micropigmentation removal,"May 5, Leads-Search-2",Ad group 1,1,0,0.0,0.0,0.0
milia extraction,"May 5, Leads-Search-2",Ad group 1,1,0,0.0,0.0,0.0
milia removal edmonton,"May 5, Leads-Search-2",Ad group 1,2,0,0.0,0.0,0.0
mole removal edmonton,"May 5, Leads-Search-2",Ad group 1,25,0,0.0,0.0,0.0
monalisa medical,"May 5, Leads-Search-2",Ad group 1,1,0,0.0,0.0,0.0
moustache laser hair removal,"May 5, Leads-Search-2",Ad group 1,1,0,0.0,0.0,0.0
moxi bbl laser,"May 5, Leads-Search-2",Ad group 1,1,0,0.0,0.0,0.0
mrs brown bikini wax,"May 5, Leads-Search-2",Ad group 1,2,0,0.0,0.0,0.0
mtf facial hair removal,"May 5, Leads-Search-2",Ad group 1,1,0,0.0,0.0,0.0
mtf laser hair removal,"May 5, Leads-Search-2",Ad group 1,1,0,0.0,0.0,0.0
must have beauty treatments,"May 5, Leads-Search-2",Ad group 1,1,0,0.0,0.0,0.0
my beauty concepts spa n laser inc near me,"May 5, Leads-Search-2",Ad group 1,1,0,0.0,0.0,0.0
nairing my bum,"May 5, Leads-Search-2",Ad group 1,1,0,0.0,0.0,0.0
nakatsui dermasurgery centre 200 9670 142 street edmonton alberta,"May 5, Leads-Search-2",Ad group 1,1,0,0.0,0.0,0.0
nano laser peel edmonton,"May 5, Leads-Search-2",Ad group 1,1,0,0.0,0.0,0.0
nazret beauty studio,"May 5, Leads-Search-2",Ad group 1,1,0,0.0,0.0,0.0
nd yag 1064 nm laser,"May 5, Leads-Search-2",Ad group 1,2,0,0.0,0.0,0.0
nd yag laser,"May 5, Leads-Search-2",Ad group 1,1,0,0.0,0.0,0.0
nd yag laser hair removal,"May 5, Leads-Search-2",Ad group 1,1,0,0.0,0.0,0.0
nd yag treatment,"May 5, Leads-Search-2",Ad group 1,1,0,0.0,0.0,0.0
near me laser clinic,"May 5, Leads-Search-2",Ad group 1,1,0,0.0,0.0,0.0
near me laser hair removal,"May 5, Leads-Search-2",Ad group 1,1,0,0.0,0.0,0.0
near me laser hair removal near me,"May 5, Leads-Search-2",Ad group 1,1,0,0.0,0.0,0.0
nearest dermatology clinic,"May 5, Leads-Search-2",Ad group 1,1,0,0.0,0.0,0.0
nearest salon near me,"May 5, Leads-Search-2",Ad group 1,1,0,0.0,0.0,0.0
new gen aesthetics,"May 5, Leads-Search-2",Ad group 1,1,0,0.0,0.0,0.0
new image cosmetic edmonton,"May 5, Leads-Search-2",Ad group 1,2,0,0.0,0.0,0.0
new skin laser edmonton,"May 5, Leads-Search-2",Ad group 1,2,0,0.0,0.0,0.0
new you,"May 5, Leads-Search-2",Ad group 1,1,0,0.0,0.0,0.0
newskin laser,"May 5, Leads-Search-2",Ad group 1,2,0,0.0,0.0,0.0
nisa medi spa edmonton,"May 5, Leads-Search-2",Ad group 1,1,0,0.0,0.0,0.0
no needle needed edmonton,"May 5, Leads-Search-2",Ad group 1,1,0,0.0,0.0,0.0
northwest dermatology & laser centre,"May 5, Leads-Search-2",Ad group 1,1,0,0.0,0.0,0.0
nose blackheads removal,"May 5, Leads-Search-2",Ad group 1,1,0,0.0,0.0,0.0
nose pore treatment,"May 5, Leads-Search-2",Ad group 1,1,0,0.0,0.0,0.0
nostril laser hair removal,"May 5, Leads-Search-2",Ad group 1,1,0,0.0,0.0,0.0
nu skin edmonton,"May 5, Leads-Search-2",Ad group 1,2,0,0.0,0.0,0.0
nud leduc,"May 5, Leads-Search-2",Ad group 1,3,0,0.0,0.0,0.0
nude skin and laser,"May 5, Leads-Search-2",Ad group 1,2,0,0.0,0.0,0.0
nude skin labs,"May 5, Leads-Search-2",Ad group 1,1,0,0.0,0.0,0.0
nuskin laser edmonton,"May 5, Leads-Search-2",Ad group 1,1,0,0.0,0.0,0.0
oasis aesthetic spa,"May 5, Leads-Search-2",Ad group 1,1,0,0.0,0.0,0.0
off whyte skin care studio,"May 5, Leads-Search-2",Ad group 1,1,0,0.0,0.0,0.0
olivia quido skin care,"May 5, Leads-Search-2",Ad group 1,1,0,0.0,0.0,0.0
on skin edmonton,"May 5, Leads-Search-2",Ad group 1,1,0,0.0,0.0,0.0
one face,"May 5, Leads-Search-2",Ad group 1,1,0,0.0,0.0,0.0
ooyu skin edmonton,"May 5, Leads-Search-2",Ad group 1,2,0,0.0,0.0,0.0
open pores on face,"May 5, Leads-Search-2",Ad group 1,1,0,0.0,0.0,0.0
oxyderm laser clinic reviews,"May 5, Leads-Search-2",Ad group 1,1,0,0.0,0.0,0.0
oxygeneo facial,"May 5, Leads-Search-2",Ad group 1,1,0,0.0,0.0,0.0
painless armpit hair removal,"May 5, Leads-Search-2",Ad group 1,2,0,0.0,0.0,0.0
painless brazilian wax,"May 5, Leads-Search-2",Ad group 1,2,0,0.0,0.0,0.0
peach fuzz removal,"May 5, Leads-Search-2",Ad group 1,1,0,0.0,0.0,0.0
perfect radiant spa,"May 5, Leads-Search-2",Ad group 1,1,0,0.0,0.0,0.0
permanent hair removal,"May 5, Leads-Search-2",Ad group 1,6,0,0.0,0.0,0.0
personal grooming,"May 5, Leads-Search-2",Ad group 1,4,0,0.0,0.0,0.0
philips bikini trimmer how to use,"May 5, Leads-Search-2",Ad group 1,1,0,0.0,0.0,0.0
phoebe owen,"May 5, Leads-Search-2",Ad group 1,1,0,0.0,0.0,0.0
photofacial edmonton,"May 5, Leads-Search-2",Ad group 1,1,0,0.0,0.0,0.0
photorejuvenation,"May 5, Leads-Search-2",Ad group 1,1,0,0.0,0.0,0.0
pico fx,"May 5, Leads-Search-2",Ad group 1,1,0,0.0,0.0,0.0
pico laser,"May 5, Leads-Search-2",Ad group 1,1,0,0.0,0.0,0.0
pico laser edmonton,"May 5, Leads-Search-2",Ad group 1,4,0,0.0,0.0,0.0
pico laser for underarm whitening,"May 5, Leads-Search-2",Ad group 1,1,0,0.0,0.0,0.0
pico laser near me,"May 5, Leads-Search-2",Ad group 1,2,0,0.0,0.0,0.0
pico laser treatment before and after,"May 5, Leads-Search-2",Ad group 1,2,0,0.0,0.0,0.0
pico laser underarm whitening,"May 5, Leads-Search-2",Ad group 1,1,0,0.0,0.0,0.0
pico toning laser,"May 5, Leads-Search-2",Ad group 1,1,0,0.0,0.0,0.0
picosure laser,"May 5, Leads-Search-2",Ad group 1,1,0,0.0,0.0,0.0
picosure laser edmonton,"May 5, Leads-Search-2",Ad group 1,2,0,0.0,0.0,0.0
picoway laser,"May 5, Leads-Search-2",Ad group 1,1,0,0.0,0.0,0.0
picoway laser edmonton,"May 5, Leads-Search-2",Ad group 1,1,0,0.0,0.0,0.0
pigmentation laser treatment price,"May 5, Leads-Search-2",Ad group 1,1,0,0.0,0.0,0.0
pigmentation laser treatment price near me,"May 5, Leads-Search-2",Ad group 1,1,0,0.0,0.0,0.0
pigmentation treatment on face,"May 5, Leads-Search-2",Ad group 1,1,0,0.0,0.0,0.0
pimple extraction near me,"May 5, Leads-Search-2",Ad group 1,2,0,0.0,0.0,0.0
pimples dr,"May 5, Leads-Search-2",Ad group 1,1,0,0.0,0.0,0.0
pimples on your neck,"May 5, Leads-Search-2",Ad group 1,1,0,0.0,0.0,0.0
pink salon edmonton,"May 5, Leads-Search-2",Ad group 1,1,0,0.0,0.0,0.0
places for a facial near me,"May 5, Leads-Search-2",Ad group 1,2,0,0.0,0.0,0.0
places that do body waxing,"May 5, Leads-Search-2",Ad group 1,1,0,0.0,0.0,0.0
plasma face treatment,"May 5, Leads-Search-2",Ad group 1,1,0,0.0,0.0,0.0
plastic surgery,"May 5, Leads-Search-2",Ad group 1,1,0,0.0,0.0,0.0
platinum laser,"May 5, Leads-Search-2",Ad group 1,2,0,0.0,0.0,0.0
platinum laser hair removal,"May 5, Leads-Search-2",Ad group 1,1,0,0.0,0.0,0.0
platinum medical spa edmonton,"May 5, Leads-Search-2",Ad group 1,2,0,0.0,0.0,0.0
platinum spa edmonton,"May 5, Leads-Search-2",Ad group 1,1,0,0.0,0.0,0.0
pore minimizing treatment,"May 5, Leads-Search-2",Ad group 1,1,0,0.0,0.0,0.0
preet glow & care,"May 5, Leads-Search-2",Ad group 1,1,0,0.0,0.0,0.0
prep before laser hair removal,"May 5, Leads-Search-2",Ad group 1,1,0,0.0,0.0,0.0
price for laser hair removal face,"May 5, Leads-Search-2",Ad group 1,2,0,0.0,0.0,0.0
price for underarm waxing,"May 5, Leads-Search-2",Ad group 1,1,0,0.0,0.0,0.0
price of waxing,"May 5, Leads-Search-2",Ad group 1,1,0,0.0,0.0,0.0
private part shaving near me,"May 5, Leads-Search-2",Ad group 1,1,0,0.0,0.0,0.0
professional laser hair removal,"May 5, Leads-Search-2",Ad group 1,1,0,0.0,0.0,0.0
profractional laser,"May 5, Leads-Search-2",Ad group 1,1,0,0.0,0.0,0.0
pros and cons of laser hair removal,"May 5, Leads-Search-2",Ad group 1,1,0,0.0,0.0,0.0
pube shave,"May 5, Leads-Search-2",Ad group 1,2,0,0.0,0.0,0.0
pubic hair laser,"May 5, Leads-Search-2",Ad group 1,1,0,0.0,0.0,0.0
pubic hair removal,"May 5, Leads-Search-2",Ad group 1,1,0,0.0,0.0,0.0
pubic hair removal cream for women,"May 5, Leads-Search-2",Ad group 1,1,0,0.0,0.0,0.0
pubic hair removal for men,"May 5, Leads-Search-2",Ad group 1,1,0,0.0,0.0,0.0
pubic hair removal for women,"May 5, Leads-Search-2",Ad group 1,2,0,0.0,0.0,0.0
pussy wax,"May 5, Leads-Search-2",Ad group 1,6,0,0.0,0.0,0.0
ra dermatology,"May 5, Leads-Search-2",Ad group 1,1,0,0.0,0.0,0.0
radiance skin,"May 5, Leads-Search-2",Ad group 1,1,0,0.0,0.0,0.0
radiant belle spa,"May 5, Leads-Search-2",Ad group 1,1,0,0.0,0.0,0.0
radiofrequency treatment,"May 5, Leads-Search-2",Ad group 1,1,0,0.0,0.0,0.0
rao dermatology 109 street northwest edmonton ab,"May 5, Leads-Search-2",Ad group 1,1,0,0.0,0.0,0.0
rao dermatology edmonton,"May 5, Leads-Search-2",Ad group 1,1,0,0.0,0.0,0.0
red light therapy edmonton,"May 5, Leads-Search-2",Ad group 1,1,0,0.0,0.0,0.0
red light therapy near me,"May 5, Leads-Search-2",Ad group 1,2,0,0.0,0.0,0.0
refine medispa edmonton,"May 5, Leads-Search-2",Ad group 1,1,0,0.0,0.0,0.0
rejuv,"May 5, Leads-Search-2",Ad group 1,2,0,0.0,0.0,0.0
rejuvenate clinic,"May 5, Leads-Search-2",Ad group 1,1,0,0.0,0.0,0.0
rejuvenate edmonton,"May 5, Leads-Search-2",Ad group 1,2,0,0.0,0.0,0.0
rejuvenate laser,"May 5, Leads-Search-2",Ad group 1,1,0,0.0,0.0,0.0
rejuvenating facial treatment,"May 5, Leads-Search-2",Ad group 1,1,0,0.0,0.0,0.0
rejuvenation clinic,"May 5, Leads-Search-2",Ad group 1,2,0,0.0,0.0,0.0
rejuvenation clinic windermere,"May 5, Leads-Search-2",Ad group 1,2,0,0.0,0.0,0.0
rejuvenation dermatology,"May 5, Leads-Search-2",Ad group 1,48,0,0.0,0.0,0.0
rejuvenation dermatology clinic,"May 5, Leads-Search-2",Ad group 1,2,0,0.0,0.0,0.0
rejuvenation dermatology clinic downtown,"May 5, Leads-Search-2",Ad group 1,1,0,0.0,0.0,0.0
rejuvenation dermatology clinic downtown edmonton,"May 5, Leads-Search-2",Ad group 1,1,0,0.0,0.0,0.0
rejuvenation dermatology clinic edmonton south,"May 5, Leads-Search-2",Ad group 1,4,0,0.0,0.0,0.0
rejuvenation dermatology downtown,"May 5, Leads-Search-2",Ad group 1,1,0,0.0,0.0,0.0
rejuvenation dermatology edmonton,"May 5, Leads-Search-2",Ad group 1,16,0,0.0,0.0,0.0
rejuvenation dermatology edmonton downtown,"May 5, Leads-Search-2",Ad group 1,3,0,0.0,0.0,0.0
rejuvenation dermatology edmonton jasper ave,"May 5, Leads-Search-2",Ad group 1,1,0,0.0,0.0,0.0
rejuvenation dermatology jasper ave,"May 5, Leads-Search-2",Ad group 1,1,0,0.0,0.0,0.0
rejuvenation dermatology windermere,"May 5, Leads-Search-2",Ad group 1,4,0,0.0,0.0,0.0
rejuvenation facial near me,"May 5, Leads-Search-2",Ad group 1,2,0,0.0,0.0,0.0
rejuvenation facial treatment,"May 5, Leads-Search-2",Ad group 1,1,0,0.0,0.0,0.0
rejuvenation medical group edmonton,"May 5, Leads-Search-2",Ad group 1,1,0,0.0,0.0,0.0
rejuvenation windermere,"May 5, Leads-Search-2",Ad group 1,2,0,0.0,0.0,0.0
removal hair,"May 5, Leads-Search-2",Ad group 1,1,0,0.0,0.0,0.0
remove blackheads,"May 5, Leads-Search-2",Ad group 1,2,0,0.0,0.0,0.0
remove facial hair,"May 5, Leads-Search-2",Ad group 1,1,0,0.0,0.0,0.0
remove hair for private parts,"May 5, Leads-Search-2",Ad group 1,1,0,0.0,0.0,0.0
remove hair from face,"May 5, Leads-Search-2",Ad group 1,1,0,0.0,0.0,0.0
remove skin tags near me,"May 5, Leads-Search-2",Ad group 1,1,0,0.0,0.0,0.0
removing butthairs with nair,"May 5, Leads-Search-2",Ad group 1,1,0,0.0,0.0,0.0
removing stretch marks,"May 5, Leads-Search-2",Ad group 1,1,0,0.0,0.0,0.0
resurfacing laser treatment,"May 5, Leads-Search-2",Ad group 1,3,0,0.0,0.0,0.0
reversal laser studio,"May 5, Leads-Search-2",Ad group 1,7,0,0.0,0.0,0.0
rf microneedling,"May 5, Leads-Search-2",Ad group 1,1,0,0.0,0.0,0.0
rf microneedling near me,"May 5, Leads-Search-2",Ad group 1,3,0,0.0,0.0,0.0
river stone skin studio,"May 5, Leads-Search-2",Ad group 1,2,0,0.0,0.0,0.0
roop aesthetics,"May 5, Leads-Search-2",Ad group 1,1,0,0.0,0.0,0.0
rosacea face laser treatment,"May 5, Leads-Search-2",Ad group 1,2,0,0.0,0.0,0.0
sacred beauty collective,"May 5, Leads-Search-2",Ad group 1,1,0,0.0,0.0,0.0
salicylic acid peel,"May 5, Leads-Search-2",Ad group 1,2,0,0.0,0.0,0.0
salon near me,"May 5, Leads-Search-2",Ad group 1,1,0,0.0,0.0,0.0
salon waxing,"May 5, Leads-Search-2",Ad group 1,2,0,0.0,0.0,0.0
salons near me,"May 5, Leads-Search-2",Ad group 1,4,0,0.0,0.0,0.0
salons that do eyebrows near me,"May 5, Leads-Search-2",Ad group 1,1,0,0.0,0.0,0.0
scar laser removal,"May 5, Leads-Search-2",Ad group 1,1,0,0.0,0.0,0.0
scar laser treatment,"May 5, Leads-Search-2",Ad group 1,1,0,0.0,0.0,0.0
scar removal edmonton,"May 5, Leads-Search-2",Ad group 1,1,0,0.0,0.0,0.0
scar removal edmonton cost,"May 5, Leads-Search-2",Ad group 1,1,0,0.0,0.0,0.0
scar treatment,"May 5, Leads-Search-2",Ad group 1,1,0,0.0,0.0,0.0
sebaceous filaments removal,"May 5, Leads-Search-2",Ad group 1,1,0,0.0,0.0,0.0
self bikini wax,"May 5, Leads-Search-2",Ad group 1,1,0,0.0,0.0,0.0
self waxing,"May 5, Leads-Search-2",Ad group 1,1,0,0.0,0.0,0.0
sense beauty studio and laser,"May 5, Leads-Search-2",Ad group 1,1,0,0.0,0.0,0.0
serene radiance,"May 5, Leads-Search-2",Ad group 1,1,0,0.0,0.0,0.0
serenity laser hair removal,"May 5, Leads-Search-2",Ad group 1,1,0,0.0,0.0,0.0
services offered by bella tonic,"May 5, Leads-Search-2",Ad group 1,1,0,0.0,0.0,0.0
services offered by concrete blonde hair and body,"May 5, Leads-Search-2",Ad group 1,1,0,0.0,0.0,0.0
services offered by glo skin and medspa,"May 5, Leads-Search-2",Ad group 1,1,0,0.0,0.0,0.0
services offered by lucere dermatology & laser clinic,"May 5, Leads-Search-2",Ad group 1,1,0,0.0,0.0,0.0
services offered by nakatsui dermasurgery,"May 5, Leads-Search-2",Ad group 1,1,0,0.0,0.0,0.0
services offered by platinum medical spa,"May 5, Leads-Search-2",Ad group 1,2,0,0.0,0.0,0.0
services offered by spasation,"May 5, Leads-Search-2",Ad group 1,1,0,0.0,0.0,0.0
shave bikini line,"May 5, Leads-Search-2",Ad group 1,1,0,0.0,0.0,0.0
shaving puberty hair women tutorial,"May 5, Leads-Search-2",Ad group 1,1,0,0.0,0.0,0.0
shaving pubis,"May 5, Leads-Search-2",Ad group 1,1,0,0.0,0.0,0.0
shaving vagina hair,"May 5, Leads-Search-2",Ad group 1,1,0,0.0,0.0,0.0
sherwood park esthetics,"May 5, Leads-Search-2",Ad group 1,1,0,0.0,0.0,0.0
sherwood park waxing,"May 5, Leads-Search-2",Ad group 1,1,0,0.0,0.0,0.0
sistersisterzz,"May 5, Leads-Search-2",Ad group 1,1,0,0.0,0.0,0.0
skin,"May 5, Leads-Search-2",Ad group 1,1,0,0.0,0.0,0.0
skin allure aesthetic clinic,"May 5, Leads-Search-2",Ad group 1,1,0,0.0,0.0,0.0
skin analysis machine near me,"May 5, Leads-Search-2",Ad group 1,1,0,0.0,0.0,0.0
skin analysis near me,"May 5, Leads-Search-2",Ad group 1,1,0,0.0,0.0,0.0
skin bleaching edmonton,"May 5, Leads-Search-2",Ad group 1,2,0,0.0,0.0,0.0
skin brightening treatment near me,"May 5, Leads-Search-2",Ad group 1,1,0,0.0,0.0,0.0
skin care,"May 5, Leads-Search-2",Ad group 1,3,0,0.0,0.0,0.0
skin care clinic edmonton,"May 5, Leads-Search-2",Ad group 1,7,0,0.0,0.0,0.0
skin care clinic near me,"May 5, Leads-Search-2",Ad group 1,2,0,0.0,0.0,0.0
skin care edmonton,"May 5, Leads-Search-2",Ad group 1,1,0,0.0,0.0,0.0
skin care facial,"May 5, Leads-Search-2",Ad group 1,1,0,0.0,0.0,0.0
skin care near me,"May 5, Leads-Search-2",Ad group 1,1,0,0.0,0.0,0.0
skin check edmonton,"May 5, Leads-Search-2",Ad group 1,1,0,0.0,0.0,0.0
skin clinic edmonton,"May 5, Leads-Search-2",Ad group 1,1,0,0.0,0.0,0.0
skin clinic near me,"May 5, Leads-Search-2",Ad group 1,6,0,0.0,0.0,0.0
skin clinic pharmacy,"May 5, Leads-Search-2",Ad group 1,1,0,0.0,0.0,0.0
skin consultation,"May 5, Leads-Search-2",Ad group 1,1,0,0.0,0.0,0.0
skin discoloration near me,"May 5, Leads-Search-2",Ad group 1,1,0,0.0,0.0,0.0
skin doctor edmonton,"May 5, Leads-Search-2",Ad group 1,2,0,0.0,0.0,0.0
skin doctor near me,"May 5, Leads-Search-2",Ad group 1,1,0,0.0,0.0,0.0
skin doctors,"May 5, Leads-Search-2",Ad group 1,1,0,0.0,0.0,0.0
skin dr,"May 5, Leads-Search-2",Ad group 1,1,0,0.0,0.0,0.0
skin dr near me,"May 5, Leads-Search-2",Ad group 1,1,0,0.0,0.0,0.0
skin dr near me open now,"May 5, Leads-Search-2",Ad group 1,1,0,0.0,0.0,0.0
skin effect near me,"May 5, Leads-Search-2",Ad group 1,1,0,0.0,0.0,0.0
skin effects,"May 5, Leads-Search-2",Ad group 1,1,0,0.0,0.0,0.0
skin enhancement edmonton,"May 5, Leads-Search-2",Ad group 1,1,0,0.0,0.0,0.0
skin evolution studio,"May 5, Leads-Search-2",Ad group 1,5,0,0.0,0.0,0.0
skin facial treatments,"May 5, Leads-Search-2",Ad group 1,1,0,0.0,0.0,0.0
skin health and wellness,"May 5, Leads-Search-2",Ad group 1,1,0,0.0,0.0,0.0
skin laser,"May 5, Leads-Search-2",Ad group 1,1,0,0.0,0.0,0.0
skin laser edmonton,"May 5, Leads-Search-2",Ad group 1,1,0,0.0,0.0,0.0
skin lasers,"May 5, Leads-Search-2",Ad group 1,1,0,0.0,0.0,0.0
skin lueur reviews,"May 5, Leads-Search-2",Ad group 1,1,0,0.0,0.0,0.0
skin near me,"May 5, Leads-Search-2",Ad group 1,1,0,0.0,0.0,0.0
skin physicians edmonton,"May 5, Leads-Search-2",Ad group 1,1,0,0.0,0.0,0.0
skin rejuvenate aesthetics edmonton,"May 5, Leads-Search-2",Ad group 1,1,0,0.0,0.0,0.0
skin rejuvenation clinic,"May 5, Leads-Search-2",Ad group 1,1,0,0.0,0.0,0.0
skin rejuvenation edmonton,"May 5, Leads-Search-2",Ad group 1,2,0,0.0,0.0,0.0
skin rejuvenation near me,"May 5, Leads-Search-2",Ad group 1,1,0,0.0,0.0,0.0
skin rejuvenation price list,"May 5, Leads-Search-2",Ad group 1,2,0,0.0,0.0,0.0
skin rejuvenation treatment,"May 5, Leads-Search-2",Ad group 1,1,0,0.0,0.0,0.0
skin serene med spa,"May 5, Leads-Search-2",Ad group 1,1,0,0.0,0.0,0.0
skin spa near me,"May 5, Leads-Search-2",Ad group 1,1,0,0.0,0.0,0.0
skin specialist edmonton,"May 5, Leads-Search-2",Ad group 1,2,0,0.0,0.0,0.0
skin studio near me,"May 5, Leads-Search-2",Ad group 1,1,0,0.0,0.0,0.0
skin tag laser treatment,"May 5, Leads-Search-2",Ad group 1,1,0,0.0,0.0,0.0
skin tags removal near me,"May 5, Leads-Search-2",Ad group 1,1,0,0.0,0.0,0.0
skin tightening laser,"May 5, Leads-Search-2",Ad group 1,1,0,0.0,0.0,0.0
skin tightening treatment,"May 5, Leads-Search-2",Ad group 1,1,0,0.0,0.0,0.0
skin treatment,"May 5, Leads-Search-2",Ad group 1,1,0,0.0,0.0,0.0
skin treatment near me,"May 5, Leads-Search-2",Ad group 1,1,0,0.0,0.0,0.0
skin whitening treatment near me,"May 5, Leads-Search-2",Ad group 1,1,0,0.0,0.0,0.0
skincare,"May 5, Leads-Search-2",Ad group 1,1,0,0.0,0.0,0.0
skincare edmonton,"May 5, Leads-Search-2",Ad group 1,1,0,0.0,0.0,0.0
skincare near me,"May 5, Leads-Search-2",Ad group 1,5,0,0.0,0.0,0.0
skincare treatment,"May 5, Leads-Search-2",Ad group 1,1,0,0.0,0.0,0.0
skineffect,"May 5, Leads-Search-2",Ad group 1,1,0,0.0,0.0,0.0
skinify laser,"May 5, Leads-Search-2",Ad group 1,1,0,0.0,0.0,0.0
skinify laser treatment,"May 5, Leads-Search-2",Ad group 1,1,0,0.0,0.0,0.0
skinjuvenate aesthetics,"May 5, Leads-Search-2",Ad group 1,3,0,0.0,0.0,0.0
skyn med spa,"May 5, Leads-Search-2",Ad group 1,1,0,0.0,0.0,0.0
skyn med spa & pmu reviews,"May 5, Leads-Search-2",Ad group 1,1,0,0.0,0.0,0.0
skyn med spa edmonton,"May 5, Leads-Search-2",Ad group 1,2,0,0.0,0.0,0.0
sliick waxing kit how to use,"May 5, Leads-Search-2",Ad group 1,1,0,0.0,0.0,0.0
small acne on face,"May 5, Leads-Search-2",Ad group 1,1,0,0.0,0.0,0.0
smooth vagina,"May 5, Leads-Search-2",Ad group 1,1,0,0.0,0.0,0.0
sol skin spa,"May 5, Leads-Search-2",Ad group 1,1,0,0.0,0.0,0.0
soprano ice,"May 5, Leads-Search-2",Ad group 1,2,0,0.0,0.0,0.0
soprano ice laser,"May 5, Leads-Search-2",Ad group 1,1,0,0.0,0.0,0.0
soprano ice laser hair removal,"May 5, Leads-Search-2",Ad group 1,2,0,0.0,0.0,0.0
soprano ice platinum,"May 5, Leads-Search-2",Ad group 1,1,0,0.0,0.0,0.0
soprano titanium laser hair removal,"May 5, Leads-Search-2",Ad group 1,1,0,0.0,0.0,0.0
soulskin holistic studio,"May 5, Leads-Search-2",Ad group 1,1,0,0.0,0.0,0.0
southside dermatology clinic,"May 5, Leads-Search-2",Ad group 1,1,0,0.0,0.0,0.0
spa beauty salon near me,"May 5, Leads-Search-2",Ad group 1,1,0,0.0,0.0,0.0
spa facial treatment,"May 5, Leads-Search-2",Ad group 1,1,0,0.0,0.0,0.0
spa west edmonton,"May 5, Leads-Search-2",Ad group 1,2,0,0.0,0.0,0.0
spasation salon & spa near me,"May 5, Leads-Search-2",Ad group 1,1,0,0.0,0.0,0.0
spectrumaesthetics3,"May 5, Leads-Search-2",Ad group 1,1,0,0.0,0.0,0.0
splendor x laser hair removal,"May 5, Leads-Search-2",Ad group 1,3,0,0.0,0.0,0.0
spray tan edmonton,"May 5, Leads-Search-2",Ad group 1,1,0,0.0,0.0,0.0
st albert waxing,"May 5, Leads-Search-2",Ad group 1,1,0,0.0,0.0,0.0
steam and extraction facial,"May 5, Leads-Search-2",Ad group 1,1,0,0.0,0.0,0.0
strata dermatology,"May 5, Leads-Search-2",Ad group 1,1,0,0.0,0.0,0.0
stratica dermatology summit plaza boudreau road st albert ab,"May 5, Leads-Search-2",Ad group 1,2,0,0.0,0.0,0.0
stretch mark removal,"May 5, Leads-Search-2",Ad group 1,2,0,0.0,0.0,0.0
stretch marks,"May 5, Leads-Search-2",Ad group 1,1,0,0.0,0.0,0.0
stretch marks treatment near me,"May 5, Leads-Search-2",Ad group 1,1,0,0.0,0.0,0.0
studio derma,"May 5, Leads-Search-2",Ad group 1,1,0,0.0,0.0,0.0
studio you cosmetics 107 avenue northwest edmonton ab,"May 5, Leads-Search-2",Ad group 1,1,0,0.0,0.0,0.0
subcision edmonton,"May 5, Leads-Search-2",Ad group 1,1,0,0.0,0.0,0.0
subcision treatment,"May 5, Leads-Search-2",Ad group 1,2,0,0.0,0.0,0.0
sucre body sugaring,"May 5, Leads-Search-2",Ad group 1,6,0,0.0,0.0,0.0
sucré body sugaring boutique,"May 5, Leads-Search-2",Ad group 1,3,0,0.0,0.0,0.0
sugar bare wax,"May 5, Leads-Search-2",Ad group 1,2,0,0.0,0.0,0.0
sugar hair removal,"May 5, Leads-Search-2",Ad group 1,1,0,0.0,0.0,0.0
sugar wax,"May 5, Leads-Search-2",Ad group 1,4,0,0.0,0.0,0.0
sugar wax edmonton,"May 5, Leads-Search-2",Ad group 1,4,0,0.0,0.0,0.0
sugar wax near me,"May 5, Leads-Search-2",Ad group 1,5,0,0.0,0.0,0.0
sugar wax waxing,"May 5, Leads-Search-2",Ad group 1,1,0,0.0,0.0,0.0
sugar waxing edmonton,"May 5, Leads-Search-2",Ad group 1,2,0,0.0,0.0,0.0
sugaring edmonton area,"May 5, Leads-Search-2",Ad group 1,3,0,0.0,0.0,0.0
sugaring hair removal near me,"May 5, Leads-Search-2",Ad group 1,2,0,0.0,0.0,0.0
sugaring man,"May 5, Leads-Search-2",Ad group 1,1,0,0.0,0.0,0.0
sugaring near me,"May 5, Leads-Search-2",Ad group 1,10,0,0.0,0.0,0.0
sugaring places near me,"May 5, Leads-Search-2",Ad group 1,1,0,0.0,0.0,0.0
sugaring spruce grove,"May 5, Leads-Search-2",Ad group 1,2,0,0.0,0.0,0.0
sugaring waxing brazilian,"May 5, Leads-Search-2",Ad group 1,1,0,0.0,0.0,0.0
sun blemish removal,"May 5, Leads-Search-2",Ad group 1,1,0,0.0,0.0,0.0
sun spot removal,"May 5, Leads-Search-2",Ad group 1,2,0,0.0,0.0,0.0
symmetry dermatology edmonton,"May 5, Leads-Search-2",Ad group 1,1,0,0.0,0.0,0.0
symmetry glow studio,"May 5, Leads-Search-2",Ad group 1,1,0,0.0,0.0,0.0
tatoo removal near me,"May 5, Leads-Search-2",Ad group 1,1,0,0.0,0.0,0.0
tattoo laser removal edmonton,"May 5, Leads-Search-2",Ad group 1,1,0,0.0,0.0,0.0
tattoo laser removal near me,"May 5, Leads-Search-2",Ad group 1,1,0,0.0,0.0,0.0
tattoo removal,"May 5, Leads-Search-2",Ad group 1,3,0,0.0,0.0,0.0
tattoo removal edmonton,"May 5, Leads-Search-2",Ad group 1,2,0,0.0,0.0,0.0
tattoo removal in edmonton,"May 5, Leads-Search-2",Ad group 1,1,0,0.0,0.0,0.0
tattoo removal service near me,"May 5, Leads-Search-2",Ad group 1,1,0,0.0,0.0,0.0
the beauty lab,"May 5, Leads-Search-2",Ad group 1,1,0,0.0,0.0,0.0
the beauty lab west edmonton mall,"May 5, Leads-Search-2",Ad group 1,1,0,0.0,0.0,0.0
the beauty room,"May 5, Leads-Search-2",Ad group 1,1,0,0.0,0.0,0.0
the face institute edmonton,"May 5, Leads-Search-2",Ad group 1,1,0,0.0,0.0,0.0
the look lab,"May 5, Leads-Search-2",Ad group 1,1,0,0.0,0.0,0.0
the lounge medical,"May 5, Leads-Search-2",Ad group 1,1,0,0.0,0.0,0.0
the lounge medical spa,"May 5, Leads-Search-2",Ad group 1,7,0,0.0,0.0,0.0
the melanin studio,"May 5, Leads-Search-2",Ad group 1,4,0,0.0,0.0,0.0
the melanin studio ltd,"May 5, Leads-Search-2",Ad group 1,1,0,0.0,0.0,0.0
the skin and beauty studio,"May 5, Leads-Search-2",Ad group 1,1,0,0.0,0.0,0.0
the skin lab,"May 5, Leads-Search-2",Ad group 1,1,0,0.0,0.0,0.0
the vanity lab edmonton reviews,"May 5, Leads-Search-2",Ad group 1,1,0,0.0,0.0,0.0
thermage edmonton,"May 5, Leads-Search-2",Ad group 1,1,0,0.0,0.0,0.0
thermage flx,"May 5, Leads-Search-2",Ad group 1,1,0,0.0,0.0,0.0
threading eyebrows,"May 5, Leads-Search-2",Ad group 1,1,0,0.0,0.0,0.0
threading hair removal near me,"May 5, Leads-Search-2",Ad group 1,1,0,0.0,0.0,0.0
titanium laser lifting,"May 5, Leads-Search-2",Ad group 1,1,0,0.0,0.0,0.0
top layer skin care,"May 5, Leads-Search-2",Ad group 1,1,0,0.0,0.0,0.0
top rated brazilian wax,"May 5, Leads-Search-2",Ad group 1,3,0,0.0,0.0,0.0
top rated brazilian wax near me,"May 5, Leads-Search-2",Ad group 1,1,0,0.0,0.0,0.0
top rated laser hair removal edmonton,"May 5, Leads-Search-2",Ad group 1,1,0,0.0,0.0,0.0
total beauty salon & laser edmonton,"May 5, Leads-Search-2",Ad group 1,2,0,0.0,0.0,0.0
trans friendly laser hair removal,"May 5, Leads-Search-2",Ad group 1,1,0,0.0,0.0,0.0
trans hair removal,"May 5, Leads-Search-2",Ad group 1,1,0,0.0,0.0,0.0
transparent hard wax,"May 5, Leads-Search-2",Ad group 1,1,0,0.0,0.0,0.0
treatment for acne,"May 5, Leads-Search-2",Ad group 1,1,0,0.0,0.0,0.0
tropical laser,"May 5, Leads-Search-2",Ad group 1,2,0,0.0,0.0,0.0
tropical laser edmonton,"May 5, Leads-Search-2",Ad group 1,2,0,0.0,0.0,0.0
tropicalaser,"May 5, Leads-Search-2",Ad group 1,1,0,0.0,0.0,0.0
true aesthetic,"May 5, Leads-Search-2",Ad group 1,1,0,0.0,0.0,0.0
true aesthetics edmonton,"May 5, Leads-Search-2",Ad group 1,1,0,0.0,0.0,0.0
true aesthetics yeg,"May 5, Leads-Search-2",Ad group 1,1,0,0.0,0.0,0.0
true beauty edmonton,"May 5, Leads-Search-2",Ad group 1,1,0,0.0,0.0,0.0
true beauty esthetics,"May 5, Leads-Search-2",Ad group 1,1,0,0.0,0.0,0.0
true edmonton,"May 5, Leads-Search-2",Ad group 1,1,0,0.0,0.0,0.0
true esthetics edmonton,"May 5, Leads-Search-2",Ad group 1,1,0,0.0,0.0,0.0
true yeg edmonton,"May 5, Leads-Search-2",Ad group 1,2,0,0.0,0.0,0.0
ulike air 10,"May 5, Leads-Search-2",Ad group 1,1,0,0.0,0.0,0.0
ulike air 10 how to use,"May 5, Leads-Search-2",Ad group 1,2,0,0.0,0.0,0.0
ulike hair removal reviews,"May 5, Leads-Search-2",Ad group 1,1,0,0.0,0.0,0.0
ultherapy edmonton,"May 5, Leads-Search-2",Ad group 1,2,0,0.0,0.0,0.0
ultherapy near me,"May 5, Leads-Search-2",Ad group 1,1,0,0.0,0.0,0.0
ultima med spa,"May 5, Leads-Search-2",Ad group 1,3,0,0.0,0.0,0.0
ultima spa edmonton,"May 5, Leads-Search-2",Ad group 1,2,0,0.0,0.0,0.0
ultimate med spa,"May 5, Leads-Search-2",Ad group 1,1,0,0.0,0.0,0.0
under arm hair removal,"May 5, Leads-Search-2",Ad group 1,1,0,0.0,0.0,0.0
under arm wax,"May 5, Leads-Search-2",Ad group 1,1,0,0.0,0.0,0.0
under eye bag treatment near me,"May 5, Leads-Search-2",Ad group 1,1,0,0.0,0.0,0.0
under eye bags laser treatment near me,"May 5, Leads-Search-2",Ad group 1,1,0,0.0,0.0,0.0
underarm brightening treatment,"May 5, Leads-Search-2",Ad group 1,1,0,0.0,0.0,0.0
underarm hair removal,"May 5, Leads-Search-2",Ad group 1,2,0,0.0,0.0,0.0
underarm hair removal laser,"May 5, Leads-Search-2",Ad group 1,1,0,0.0,0.0,0.0
underarm hyperpigmentation treatment near me,"May 5, Leads-Search-2",Ad group 1,1,0,0.0,0.0,0.0
underarm laser,"May 5, Leads-Search-2",Ad group 1,2,0,0.0,0.0,0.0
underarm laser hair removal and whitening,"May 5, Leads-Search-2",Ad group 1,2,0,0.0,0.0,0.0
underarm laser hair removal price,"May 5, Leads-Search-2",Ad group 1,2,0,0.0,0.0,0.0
underarm laser treatment,"May 5, Leads-Search-2",Ad group 1,1,0,0.0,0.0,0.0
underarm laser whitening,"May 5, Leads-Search-2",Ad group 1,3,0,0.0,0.0,0.0
underarm lightening treatment near me,"May 5, Leads-Search-2",Ad group 1,1,0,0.0,0.0,0.0
underarm pigmentation removal,"May 5, Leads-Search-2",Ad group 1,1,0,0.0,0.0,0.0
underarm wax,"May 5, Leads-Search-2",Ad group 1,1,0,0.0,0.0,0.0
underarm wax near me,"May 5, Leads-Search-2",Ad group 1,1,0,0.0,0.0,0.0
underarm waxing,"May 5, Leads-Search-2",Ad group 1,2,0,0.0,0.0,0.0
underarm waxing near me,"May 5, Leads-Search-2",Ad group 1,2,0,0.0,0.0,0.0
underarm whitening,"May 5, Leads-Search-2",Ad group 1,1,0,0.0,0.0,0.0
underarm whitening laser treatment price near me,"May 5, Leads-Search-2",Ad group 1,1,0,0.0,0.0,0.0
underarm whitening near me,"May 5, Leads-Search-2",Ad group 1,2,0,0.0,0.0,0.0
underarm whitening treatment,"May 5, Leads-Search-2",Ad group 1,2,0,0.0,0.0,0.0
underarm whitening treatment edmonton,"May 5, Leads-Search-2",Ad group 1,1,0,0.0,0.0,0.0
underarms laser hair removal,"May 5, Leads-Search-2",Ad group 1,1,0,0.0,0.0,0.0
unibrow laser hair removal,"May 5, Leads-Search-2",Ad group 1,1,0,0.0,0.0,0.0
unwanted hair removal for women naturally,"May 5, Leads-Search-2",Ad group 1,1,0,0.0,0.0,0.0
upper lip and chin laser hair removal,"May 5, Leads-Search-2",Ad group 1,2,0,0.0,0.0,0.0
upper lip and chin laser hair removal cost,"May 5, Leads-Search-2",Ad group 1,1,0,0.0,0.0,0.0
upper lip ipl hair removal,"May 5, Leads-Search-2",Ad group 1,1,0,0.0,0.0,0.0
upper lip laser hair removal,"May 5, Leads-Search-2",Ad group 1,5,0,0.0,0.0,0.0
upper lip laser hair removal cost,"May 5, Leads-Search-2",Ad group 1,1,0,0.0,0.0,0.0
urban retreat,"May 5, Leads-Search-2",Ad group 1,1,0,0.0,0.0,0.0
urban retreat edmonton,"May 5, Leads-Search-2",Ad group 1,7,0,0.0,0.0,0.0
utopia medispa edmonton,"May 5, Leads-Search-2",Ad group 1,1,0,0.0,0.0,0.0
utopia spa center edmonton,"May 5, Leads-Search-2",Ad group 1,1,0,0.0,0.0,0.0
vag ingrown hair removal,"May 5, Leads-Search-2",Ad group 1,2,0,0.0,0.0,0.0
vagina shaving,"May 5, Leads-Search-2",Ad group 1,1,0,0.0,0.0,0.0
vagina wax,"May 5, Leads-Search-2",Ad group 1,1,0,0.0,0.0,0.0
vagina waxing,"May 5, Leads-Search-2",Ad group 1,5,0,0.0,0.0,0.0
vaginal bleaching near me,"May 5, Leads-Search-2",Ad group 1,1,0,0.0,0.0,0.0
vaginal hair,"May 5, Leads-Search-2",Ad group 1,4,0,0.0,0.0,0.0
vaginal hair shaving,"May 5, Leads-Search-2",Ad group 1,3,0,0.0,0.0,0.0
varicose veins removal near me,"May 5, Leads-Search-2",Ad group 1,1,0,0.0,0.0,0.0
vbeam laser edmonton,"May 5, Leads-Search-2",Ad group 1,1,0,0.0,0.0,0.0
venus face,"May 5, Leads-Search-2",Ad group 1,1,0,0.0,0.0,0.0
vida dermatology edmonton,"May 5, Leads-Search-2",Ad group 1,2,0,0.0,0.0,0.0
vida dermatology south,"May 5, Leads-Search-2",Ad group 1,2,0,0.0,0.0,0.0
vida dermatology west,"May 5, Leads-Search-2",Ad group 1,6,0,0.0,0.0,0.0
vida dermatology west edmonton,"May 5, Leads-Search-2",Ad group 1,3,0,0.0,0.0,0.0
vigina wax,"May 5, Leads-Search-2",Ad group 1,2,0,0.0,0.0,0.0
viva laser and skin,"May 5, Leads-Search-2",Ad group 1,1,0,0.0,0.0,0.0
vulva hair,"May 5, Leads-Search-2",Ad group 1,1,0,0.0,0.0,0.0
vulva waxing,"May 5, Leads-Search-2",Ad group 1,1,0,0.0,0.0,0.0
walk in waxing near me,"May 5, Leads-Search-2",Ad group 1,1,0,0.0,0.0,0.0
warts removal clinic near me,"May 5, Leads-Search-2",Ad group 1,1,0,0.0,0.0,0.0
wax,"May 5, Leads-Search-2",Ad group 1,6,0,0.0,0.0,0.0
wax appointment near me,"May 5, Leads-Search-2",Ad group 1,1,0,0.0,0.0,0.0
wax armpit,"May 5, Leads-Search-2",Ad group 1,2,0,0.0,0.0,0.0
wax bar,"May 5, Leads-Search-2",Ad group 1,1,0,0.0,0.0,0.0
wax bar edmonton,"May 5, Leads-Search-2",Ad group 1,1,0,0.0,0.0,0.0
wax bar near me,"May 5, Leads-Search-2",Ad group 1,1,0,0.0,0.0,0.0
wax bikini,"May 5, Leads-Search-2",Ad group 1,1,0,0.0,0.0,0.0
wax brazilian near me,"May 5, Leads-Search-2",Ad group 1,1,0,0.0,0.0,0.0
wax edmonton,"May 5, Leads-Search-2",Ad group 1,12,0,0.0,0.0,0.0
wax hair removal,"May 5, Leads-Search-2",Ad group 1,1,0,0.0,0.0,0.0
wax hair removal for women,"May 5, Leads-Search-2",Ad group 1,1,0,0.0,0.0,0.0
wax hair removal near me,"May 5, Leads-Search-2",Ad group 1,1,0,0.0,0.0,0.0
wax in edmonton,"May 5, Leads-Search-2",Ad group 1,2,0,0.0,0.0,0.0
wax lady,"May 5, Leads-Search-2",Ad group 1,1,0,0.0,0.0,0.0
wax legs,"May 5, Leads-Search-2",Ad group 1,2,0,0.0,0.0,0.0
wax legs at home,"May 5, Leads-Search-2",Ad group 1,1,0,0.0,0.0,0.0
wax lounge,"May 5, Leads-Search-2",Ad group 1,1,0,0.0,0.0,0.0
wax men brazilian,"May 5, Leads-Search-2",Ad group 1,1,0,0.0,0.0,0.0
wax near me,"May 5, Leads-Search-2",Ad group 1,24,0,0.0,0.0,0.0
wax near me within 800m,"May 5, Leads-Search-2",Ad group 1,1,0,0.0,0.0,0.0
wax or shave bikini area,"May 5, Leads-Search-2",Ad group 1,1,0,0.0,0.0,0.0
wax place near me,"May 5, Leads-Search-2",Ad group 1,2,0,0.0,0.0,0.0
wax places near me,"May 5, Leads-Search-2",Ad group 1,6,0,0.0,0.0,0.0
wax removing hair,"May 5, Leads-Search-2",Ad group 1,1,0,0.0,0.0,0.0
wax room,"May 5, Leads-Search-2",Ad group 1,1,0,0.0,0.0,0.0
wax salon near me,"May 5, Leads-Search-2",Ad group 1,2,0,0.0,0.0,0.0
wax services near me,"May 5, Leads-Search-2",Ad group 1,1,0,0.0,0.0,0.0
wax spot near me,"May 5, Leads-Search-2",Ad group 1,1,0,0.0,0.0,0.0
wax store near me,"May 5, Leads-Search-2",Ad group 1,1,0,0.0,0.0,0.0
wax studio near me,"May 5, Leads-Search-2",Ad group 1,1,0,0.0,0.0,0.0
wax vagina,"May 5, Leads-Search-2",Ad group 1,1,0,0.0,0.0,0.0
wax women near me,"May 5, Leads-Search-2",Ad group 1,1,0,0.0,0.0,0.0
waxes near me,"May 5, Leads-Search-2",Ad group 1,1,0,0.0,0.0,0.0
waxing and sugaring near me,"May 5, Leads-Search-2",Ad group 1,1,0,0.0,0.0,0.0
waxing armpit near me,"May 5, Leads-Search-2",Ad group 1,1,0,0.0,0.0,0.0
waxing at home,"May 5, Leads-Search-2",Ad group 1,1,0,0.0,0.0,0.0
waxing brazilian,"May 5, Leads-Search-2",Ad group 1,7,0,0.0,0.0,0.0
waxing brazilian women,"May 5, Leads-Search-2",Ad group 1,1,0,0.0,0.0,0.0
waxing edmonton services,"May 5, Leads-Search-2",Ad group 1,11,0,0.0,0.0,0.0
waxing electrolysis,"May 5, Leads-Search-2",Ad group 1,1,0,0.0,0.0,0.0
waxing face,"May 5, Leads-Search-2",Ad group 1,1,0,0.0,0.0,0.0
waxing for the first time,"May 5, Leads-Search-2",Ad group 1,1,0,0.0,0.0,0.0
waxing hair removal,"May 5, Leads-Search-2",Ad group 1,1,0,0.0,0.0,0.0
waxing hair removal service,"May 5, Leads-Search-2",Ad group 1,1,0,0.0,0.0,0.0
waxing hair removal service near me,"May 5, Leads-Search-2",Ad group 1,18,0,0.0,0.0,0.0
waxing legs,"May 5, Leads-Search-2",Ad group 1,2,0,0.0,0.0,0.0
waxing lip,"May 5, Leads-Search-2",Ad group 1,1,0,0.0,0.0,0.0
waxing near me open now,"May 5, Leads-Search-2",Ad group 1,1,0,0.0,0.0,0.0
waxing near me prices,"May 5, Leads-Search-2",Ad group 1,1,0,0.0,0.0,0.0
waxing open near me,"May 5, Leads-Search-2",Ad group 1,1,0,0.0,0.0,0.0
waxing place,"May 5, Leads-Search-2",Ad group 1,1,0,0.0,0.0,0.0
waxing places near me,"May 5, Leads-Search-2",Ad group 1,1,0,0.0,0.0,0.0
waxing salon near me,"May 5, Leads-Search-2",Ad group 1,2,0,0.0,0.0,0.0
waxing service,"May 5, Leads-Search-2",Ad group 1,1,0,0.0,0.0,0.0
waxing services edmonton,"May 5, Leads-Search-2",Ad group 1,1,0,0.0,0.0,0.0
waxing sherwood park,"May 5, Leads-Search-2",Ad group 1,1,0,0.0,0.0,0.0
waxing spa near me,"May 5, Leads-Search-2",Ad group 1,1,0,0.0,0.0,0.0
waxing st albert,"May 5, Leads-Search-2",Ad group 1,3,0,0.0,0.0,0.0
waxing studios,"May 5, Leads-Search-2",Ad group 1,1,0,0.0,0.0,0.0
waxing the bikini area,"May 5, Leads-Search-2",Ad group 1,1,0,0.0,0.0,0.0
waxing tutorial,"May 5, Leads-Search-2",Ad group 1,1,0,0.0,0.0,0.0
waxing tutorial brazilian women,"May 5, Leads-Search-2",Ad group 1,1,0,0.0,0.0,0.0
waxing underarms,"May 5, Leads-Search-2",Ad group 1,1,0,0.0,0.0,0.0
waxing walk in,"May 5, Leads-Search-2",Ad group 1,1,0,0.0,0.0,0.0
waxing west edmonton mall,"May 5, Leads-Search-2",Ad group 1,2,0,0.0,0.0,0.0
waxing windermere,"May 5, Leads-Search-2",Ad group 1,2,0,0.0,0.0,0.0
waxing à proximité,"May 5, Leads-Search-2",Ad group 1,1,0,0.0,0.0,0.0
waxon edmonton,"May 5, Leads-Search-2",Ad group 1,1,0,0.0,0.0,0.0
waxon heritage valley,"May 5, Leads-Search-2",Ad group 1,1,0,0.0,0.0,0.0
waxon laser and wax bar,"May 5, Leads-Search-2",Ad group 1,3,0,0.0,0.0,0.0
west edmonton waxing,"May 5, Leads-Search-2",Ad group 1,1,0,0.0,0.0,0.0
west end medical esthetics,"May 5, Leads-Search-2",Ad group 1,1,0,0.0,0.0,0.0
what age can you do laser hair removal,"May 5, Leads-Search-2",Ad group 1,1,0,0.0,0.0,0.0
what age should i shave my legs,"May 5, Leads-Search-2",Ad group 1,1,0,0.0,0.0,0.0
what is a brazilian wax,"May 5, Leads-Search-2",Ad group 1,3,0,0.0,0.0,0.0
what is bikini wax,"May 5, Leads-Search-2",Ad group 1,2,0,0.0,0.0,0.0
what is the cost of facial laser hair removal,"May 5, Leads-Search-2",Ad group 1,1,0,0.0,0.0,0.0
what is the most effective laser hair removal,"May 5, Leads-Search-2",Ad group 1,1,0,0.0,0.0,0.0
what should i expect after my first laser hair removal session,"May 5, Leads-Search-2",Ad group 1,1,0,0.0,0.0,0.0
where can i get a brazilian wax near me,"May 5, Leads-Search-2",Ad group 1,1,0,0.0,0.0,0.0
where do you go to get a brazilian wax,"May 5, Leads-Search-2",Ad group 1,1,0,0.0,0.0,0.0
where to do facial near me,"May 5, Leads-Search-2",Ad group 1,2,0,0.0,0.0,0.0
where to get a brazilian wax near me,"May 5, Leads-Search-2",Ad group 1,1,0,0.0,0.0,0.0
where to get a facial,"May 5, Leads-Search-2",Ad group 1,1,0,0.0,0.0,0.0
where to get eyebrows done near me,"May 5, Leads-Search-2",Ad group 1,2,0,0.0,0.0,0.0
where to get skin tags removed near me,"May 5, Leads-Search-2",Ad group 1,1,0,0.0,0.0,0.0
white hair removal,"May 5, Leads-Search-2",Ad group 1,5,0,0.0,0.0,0.0
whitening underarm,"May 5, Leads-Search-2",Ad group 1,1,0,0.0,0.0,0.0
who can get laser hair removal,"May 5, Leads-Search-2",Ad group 1,1,0,0.0,0.0,0.0
who can remove cherry angiomas,"May 5, Leads-Search-2",Ad group 1,1,0,0.0,0.0,0.0
who does red light therapy near me,"May 5, Leads-Search-2",Ad group 1,2,0,0.0,0.0,0.0
windermere dermatology,"May 5, Leads-Search-2",Ad group 1,3,0,0.0,0.0,0.0
windermere dermatology clinic,"May 5, Leads-Search-2",Ad group 1,1,0,0.0,0.0,0.0
windermere skin clinic,"May 5, Leads-Search-2",Ad group 1,1,0,0.0,0.0,0.0
women's laser hair removal reviews,"May 5, Leads-Search-2",Ad group 1,1,0,0.0,0.0,0.0
womens facial near me,"May 5, Leads-Search-2",Ad group 1,1,0,0.0,0.0,0.0
xerf edmonton,"May 5, Leads-Search-2",Ad group 1,4,0,0.0,0.0,0.0
yag 1064 nm laser hair removal,"May 5, Leads-Search-2",Ad group 1,1,0,0.0,0.0,0.0
yag laser edmonton,"May 5, Leads-Search-2",Ad group 1,1,0,0.0,0.0,0.0
youthful image clinic,"May 5, Leads-Search-2",Ad group 1,1,0,0.0,0.0,0.0
zia cosmetic clinic edmonton calgary trail northwest edmonton ab,"May 5, Leads-Search-2",Ad group 1,2,0,0.0,0.0,0.0
ليزر,"May 5, Leads-Search-2",Ad group 1,1,0,0.0,0.0,0.0
مكان ليزر,"May 5, Leads-Search-2",Ad group 1,2,0,0.0,0.0,0.0
长 青 医 美 edmonton,"May 5, Leads-Search-2",Ad group 1,1,0,0.0,0.0,0.0
